# Blender 4.3.2
# www.blender.org
mtllib Player.mtl
o Cube
v 0.500000 0.426143 -0.500000
v 0.500000 -0.573857 -0.500000
v 0.500000 0.426143 0.500000
v 0.500000 -0.573857 0.500000
v -0.500000 0.426143 -0.500000
v -0.500000 -0.573857 -0.500000
v -0.500000 0.426143 0.500000
v -0.500000 -0.573857 0.500000
v -0.535118 -0.608974 -0.418850
v -0.572933 -0.646789 -0.296650
v -0.599636 -0.673492 -0.153401
v -0.609568 -0.683425 -0.000000
v -0.599636 -0.673492 0.153401
v -0.572933 -0.646789 0.296650
v -0.535118 -0.608974 0.418850
v 0.418849 -0.608974 -0.535118
v 0.296650 -0.646790 -0.572933
v 0.153401 -0.673492 -0.599636
v 0.000000 -0.683425 -0.609568
v -0.153401 -0.673492 -0.599636
v -0.296650 -0.646789 -0.572933
v -0.418850 -0.608974 -0.535118
v 0.535118 0.344993 -0.535118
v 0.572933 0.222793 -0.572933
v 0.599636 0.079544 -0.599636
v 0.609568 -0.073857 -0.609568
v 0.599636 -0.227257 -0.599636
v 0.572933 -0.370507 -0.572933
v 0.535118 -0.492706 -0.535118
v -0.535118 -0.492706 0.535118
v -0.572933 -0.370507 0.572933
v -0.599636 -0.227257 0.599636
v -0.609568 -0.073857 0.609568
v -0.599636 0.079544 0.599636
v -0.572933 0.222793 0.572933
v -0.535118 0.344993 0.535118
v 0.535118 0.344993 0.535118
v 0.572933 0.222793 0.572933
v 0.599636 0.079544 0.599636
v 0.609568 -0.073857 0.609568
v 0.599636 -0.227257 0.599636
v 0.572933 -0.370507 0.572933
v 0.535118 -0.492706 0.535118
v -0.535118 0.344993 -0.535118
v -0.572933 0.222793 -0.572933
v -0.599636 0.079544 -0.599636
v -0.609568 -0.073857 -0.609568
v -0.599636 -0.227257 -0.599636
v -0.572933 -0.370507 -0.572933
v -0.535118 -0.492706 -0.535118
v 0.418850 0.461261 0.535118
v 0.296650 0.499076 0.572933
v 0.153401 0.525779 0.599636
v -0.000000 0.535711 0.609568
v -0.153401 0.525779 0.599636
v -0.296650 0.499076 0.572933
v -0.418850 0.461261 0.535118
v 0.535118 0.461261 -0.418850
v 0.572933 0.499076 -0.296650
v 0.599636 0.525779 -0.153401
v 0.609568 0.535711 0.000000
v 0.599636 0.525779 0.153401
v 0.572933 0.499076 0.296650
v 0.535118 0.461261 0.418850
v -0.418850 -0.608974 0.535118
v -0.296650 -0.646789 0.572933
v -0.153401 -0.673492 0.599636
v -0.000000 -0.683425 0.609568
v 0.153401 -0.673492 0.599636
v 0.296650 -0.646789 0.572933
v 0.418850 -0.608974 0.535118
v -0.535118 0.461261 0.418849
v -0.572933 0.499076 0.296650
v -0.599635 0.525779 0.153401
v -0.609568 0.535711 -0.000000
v -0.599636 0.525779 -0.153401
v -0.572933 0.499076 -0.296650
v -0.535118 0.461261 -0.418850
v -0.418849 0.461261 -0.535118
v -0.296650 0.499076 -0.572933
v -0.153401 0.525779 -0.599636
v 0.000000 0.535711 -0.609568
v 0.153401 0.525779 -0.599636
v 0.296650 0.499076 -0.572933
v 0.418850 0.461261 -0.535118
v 0.535118 -0.608974 0.418849
v 0.572933 -0.646790 0.296650
v 0.599636 -0.673492 0.153401
v 0.609568 -0.683425 0.000000
v 0.599636 -0.673492 -0.153401
v 0.572933 -0.646789 -0.296650
v 0.535118 -0.608974 -0.418850
v 0.431759 0.536604 -0.431759
v 0.302983 0.590276 -0.455302
v 0.156091 0.624169 -0.474400
v 0.000000 0.636092 -0.481988
v -0.156091 0.624169 -0.474400
v -0.302983 0.590276 -0.455302
v -0.431759 0.536604 -0.431759
v 0.455302 0.590276 -0.302983
v 0.316157 0.655133 -0.316157
v 0.161915 0.694586 -0.328070
v 0.000000 0.707972 -0.333140
v -0.161915 0.694586 -0.328070
v -0.316157 0.655133 -0.316157
v -0.455302 0.590276 -0.302983
v 0.474400 0.624169 -0.156091
v 0.328070 0.694586 -0.161915
v 0.167582 0.737005 -0.167582
v -0.000000 0.751206 -0.170115
v -0.167582 0.737005 -0.167582
v -0.328070 0.694586 -0.161915
v -0.474400 0.624169 -0.156091
v 0.481988 0.636092 0.000000
v 0.333140 0.707972 0.000000
v 0.170115 0.751206 -0.000000
v -0.000000 0.765650 -0.000000
v -0.170115 0.751206 -0.000000
v -0.333140 0.707972 -0.000000
v -0.481988 0.636092 -0.000000
v 0.474400 0.624169 0.156091
v 0.328070 0.694586 0.161916
v 0.167582 0.737005 0.167582
v -0.000000 0.751206 0.170115
v -0.167582 0.737006 0.167582
v -0.328070 0.694586 0.161915
v -0.474400 0.624169 0.156091
v 0.455302 0.590276 0.302983
v 0.316157 0.655133 0.316157
v 0.161915 0.694586 0.328070
v -0.000000 0.707972 0.333140
v -0.161915 0.694586 0.328070
v -0.316157 0.655133 0.316157
v -0.455302 0.590276 0.302983
v 0.431759 0.536604 0.431759
v 0.302983 0.590276 0.455302
v 0.156091 0.624169 0.474400
v -0.000000 0.636092 0.481988
v -0.156091 0.624169 0.474400
v -0.302983 0.590276 0.455302
v -0.431759 0.536604 0.431759
v 0.431759 -0.505615 0.610461
v 0.455302 -0.376839 0.664133
v 0.474400 -0.229948 0.698026
v 0.481988 -0.073857 0.709949
v 0.474400 0.082234 0.698026
v 0.455302 0.229126 0.664133
v 0.431759 0.357902 0.610461
v 0.302983 -0.529159 0.664133
v 0.316157 -0.390014 0.728990
v 0.328070 -0.235772 0.768442
v 0.333140 -0.073857 0.781829
v 0.328070 0.088059 0.768442
v 0.316157 0.242300 0.728990
v 0.302983 0.381445 0.664133
v 0.156091 -0.548257 0.698026
v 0.161915 -0.401926 0.768442
v 0.167582 -0.241439 0.810862
v 0.170115 -0.073857 0.825063
v 0.167582 0.093725 0.810862
v 0.161915 0.254213 0.768442
v 0.156091 0.400543 0.698026
v -0.000000 -0.555845 0.709949
v -0.000000 -0.406997 0.781829
v 0.000000 -0.243971 0.825063
v 0.000000 -0.073857 0.839506
v 0.000000 0.096258 0.825063
v 0.000000 0.259284 0.781829
v 0.000000 0.408131 0.709949
v -0.156091 -0.548257 0.698026
v -0.161915 -0.401926 0.768442
v -0.167582 -0.241439 0.810862
v -0.170115 -0.073857 0.825063
v -0.167582 0.093725 0.810862
v -0.161915 0.254213 0.768442
v -0.156091 0.400543 0.698026
v -0.302983 -0.529159 0.664133
v -0.316157 -0.390014 0.728990
v -0.328070 -0.235772 0.768442
v -0.333140 -0.073857 0.781829
v -0.328070 0.088059 0.768442
v -0.316157 0.242300 0.728990
v -0.302983 0.381446 0.664133
v -0.431759 -0.505615 0.610461
v -0.455302 -0.376839 0.664133
v -0.474400 -0.229948 0.698026
v -0.481988 -0.073857 0.709949
v -0.474400 0.082234 0.698026
v -0.455302 0.229126 0.664133
v -0.431759 0.357902 0.610461
v -0.610461 -0.505615 0.431759
v -0.664133 -0.376839 0.455302
v -0.698026 -0.229948 0.474400
v -0.709949 -0.073857 0.481988
v -0.698026 0.082234 0.474400
v -0.664133 0.229126 0.455302
v -0.610461 0.357902 0.431759
v -0.664133 -0.529159 0.302983
v -0.728990 -0.390014 0.316157
v -0.768442 -0.235772 0.328070
v -0.781829 -0.073857 0.333140
v -0.768442 0.088059 0.328070
v -0.728990 0.242300 0.316157
v -0.664133 0.381445 0.302983
v -0.698026 -0.548257 0.156091
v -0.768442 -0.401926 0.161915
v -0.810862 -0.241439 0.167582
v -0.825063 -0.073857 0.170115
v -0.810862 0.093725 0.167582
v -0.768442 0.254213 0.161915
v -0.698026 0.400543 0.156091
v -0.709949 -0.555845 -0.000000
v -0.781829 -0.406997 -0.000000
v -0.825063 -0.243971 -0.000000
v -0.839506 -0.073857 -0.000000
v -0.825063 0.096258 -0.000000
v -0.781829 0.259284 0.000000
v -0.709949 0.408131 -0.000000
v -0.698026 -0.548257 -0.156091
v -0.768442 -0.401926 -0.161915
v -0.810862 -0.241439 -0.167582
v -0.825063 -0.073857 -0.170115
v -0.810862 0.093725 -0.167582
v -0.768442 0.254213 -0.161916
v -0.698026 0.400543 -0.156091
v -0.664133 -0.529159 -0.302983
v -0.728990 -0.390014 -0.316157
v -0.768442 -0.235772 -0.328070
v -0.781829 -0.073857 -0.333140
v -0.768442 0.088059 -0.328070
v -0.728990 0.242300 -0.316157
v -0.664133 0.381446 -0.302983
v -0.610461 -0.505615 -0.431759
v -0.664133 -0.376839 -0.455302
v -0.698026 -0.229948 -0.474400
v -0.709949 -0.073857 -0.481988
v -0.698026 0.082234 -0.474400
v -0.664133 0.229126 -0.455302
v -0.610461 0.357902 -0.431759
v -0.431759 -0.684318 -0.431759
v -0.302983 -0.737990 -0.455302
v -0.156091 -0.771882 -0.474400
v -0.000000 -0.783806 -0.481988
v 0.156091 -0.771882 -0.474400
v 0.302983 -0.737990 -0.455302
v 0.431759 -0.684318 -0.431759
v -0.455302 -0.737990 -0.302983
v -0.316157 -0.802847 -0.316157
v -0.161915 -0.842299 -0.328070
v -0.000000 -0.855685 -0.333140
v 0.161915 -0.842299 -0.328070
v 0.316157 -0.802847 -0.316157
v 0.455302 -0.737990 -0.302983
v -0.474400 -0.771882 -0.156091
v -0.328070 -0.842299 -0.161915
v -0.167582 -0.884719 -0.167582
v -0.000000 -0.898919 -0.170115
v 0.167582 -0.884719 -0.167582
v 0.328070 -0.842299 -0.161915
v 0.474400 -0.771883 -0.156091
v -0.481988 -0.783806 -0.000000
v -0.333140 -0.855685 0.000000
v -0.170115 -0.898919 0.000000
v 0.000000 -0.913363 0.000000
v 0.170115 -0.898919 -0.000000
v 0.333140 -0.855685 -0.000000
v 0.481988 -0.783806 -0.000000
v -0.474400 -0.771882 0.156091
v -0.328070 -0.842299 0.161916
v -0.167582 -0.884719 0.167582
v 0.000000 -0.898919 0.170115
v 0.167582 -0.884719 0.167582
v 0.328070 -0.842299 0.161915
v 0.474400 -0.771883 0.156091
v -0.455302 -0.737990 0.302983
v -0.316157 -0.802847 0.316157
v -0.161915 -0.842299 0.328070
v 0.000000 -0.855685 0.333140
v 0.161915 -0.842299 0.328070
v 0.316157 -0.802847 0.316157
v 0.455302 -0.737990 0.302983
v -0.431759 -0.684318 0.431759
v -0.302983 -0.737990 0.455302
v -0.156091 -0.771883 0.474400
v 0.000000 -0.783806 0.481988
v 0.156091 -0.771883 0.474400
v 0.302983 -0.737990 0.455302
v 0.431759 -0.684318 0.431759
v 0.610461 -0.505615 -0.431759
v 0.664133 -0.376839 -0.455302
v 0.698026 -0.229948 -0.474400
v 0.709949 -0.073857 -0.481988
v 0.698026 0.082234 -0.474400
v 0.664133 0.229126 -0.455302
v 0.610461 0.357902 -0.431759
v 0.664133 -0.529159 -0.302983
v 0.728990 -0.390014 -0.316157
v 0.768442 -0.235772 -0.328070
v 0.781829 -0.073857 -0.333140
v 0.768442 0.088059 -0.328070
v 0.728990 0.242300 -0.316157
v 0.664133 0.381446 -0.302983
v 0.698026 -0.548257 -0.156091
v 0.768442 -0.401926 -0.161915
v 0.810862 -0.241439 -0.167582
v 0.825063 -0.073857 -0.170115
v 0.810862 0.093725 -0.167582
v 0.768442 0.254213 -0.161915
v 0.698026 0.400543 -0.156091
v 0.709949 -0.555845 0.000000
v 0.781829 -0.406997 0.000000
v 0.825063 -0.243971 -0.000000
v 0.839506 -0.073857 -0.000000
v 0.825063 0.096258 -0.000000
v 0.781829 0.259284 -0.000000
v 0.709949 0.408131 -0.000000
v 0.698026 -0.548257 0.156091
v 0.768442 -0.401926 0.161916
v 0.810862 -0.241439 0.167582
v 0.825063 -0.073857 0.170115
v 0.810862 0.093725 0.167582
v 0.768442 0.254213 0.161915
v 0.698026 0.400543 0.156091
v 0.664133 -0.529159 0.302983
v 0.728990 -0.390014 0.316157
v 0.768442 -0.235772 0.328070
v 0.781829 -0.073857 0.333140
v 0.768442 0.088059 0.328070
v 0.728990 0.242300 0.316157
v 0.664133 0.381446 0.302983
v 0.610461 -0.505615 0.431759
v 0.664133 -0.376839 0.455302
v 0.698026 -0.229948 0.474400
v 0.709949 -0.073857 0.481988
v 0.698026 0.082234 0.474400
v 0.664133 0.229126 0.455302
v 0.610461 0.357902 0.431759
v -0.431759 -0.505615 -0.610461
v -0.455302 -0.376839 -0.664133
v -0.474400 -0.229948 -0.698026
v -0.481988 -0.073857 -0.709949
v -0.474400 0.082234 -0.698026
v -0.455302 0.229126 -0.664133
v -0.431759 0.357902 -0.610461
v -0.302983 -0.529159 -0.664133
v -0.316157 -0.390014 -0.728990
v -0.328070 -0.235772 -0.768442
v -0.333140 -0.073857 -0.781829
v -0.328070 0.088059 -0.768442
v -0.316157 0.242300 -0.728990
v -0.302983 0.381445 -0.664133
v -0.156091 -0.548257 -0.698026
v -0.161915 -0.401926 -0.768442
v -0.167582 -0.241439 -0.810862
v -0.170115 -0.073857 -0.825063
v -0.167582 0.093725 -0.810862
v -0.161915 0.254213 -0.768442
v -0.156091 0.400543 -0.698026
v 0.000000 -0.555845 -0.709949
v 0.000000 -0.406997 -0.781829
v 0.000000 -0.243971 -0.825063
v 0.000000 -0.073857 -0.839506
v 0.000000 0.096258 -0.825063
v -0.000000 0.259284 -0.781829
v -0.000000 0.408131 -0.709949
v 0.156091 -0.548257 -0.698026
v 0.161916 -0.401926 -0.768442
v 0.167582 -0.241439 -0.810862
v 0.170115 -0.073857 -0.825063
v 0.167582 0.093725 -0.810862
v 0.161915 0.254213 -0.768442
v 0.156091 0.400543 -0.698026
v 0.302983 -0.529159 -0.664133
v 0.316157 -0.390014 -0.728990
v 0.328070 -0.235772 -0.768442
v 0.333140 -0.073857 -0.781829
v 0.328070 0.088059 -0.768442
v 0.316157 0.242300 -0.728990
v 0.302983 0.381446 -0.664133
v 0.431759 -0.505615 -0.610461
v 0.455302 -0.376839 -0.664133
v 0.474400 -0.229948 -0.698026
v 0.481988 -0.073857 -0.709949
v 0.474400 0.082234 -0.698026
v 0.455302 0.229126 -0.664133
v 0.431759 0.357902 -0.610461
vn 0.5774 0.5773 -0.5774
vn 0.5773 -0.5774 -0.5774
vn 0.5774 0.5773 0.5774
vn 0.5774 -0.5774 0.5773
vn -0.5774 0.5774 -0.5774
vn -0.5774 -0.5774 -0.5774
vn -0.5774 0.5774 0.5773
vn -0.5774 -0.5774 0.5774
vn -0.6267 -0.6267 -0.4632
vn -0.6685 -0.6685 -0.3259
vn -0.6966 -0.6966 -0.1714
vn -0.7071 -0.7071 -0.0000
vn -0.6966 -0.6966 0.1714
vn -0.6685 -0.6685 0.3259
vn -0.6267 -0.6267 0.4632
vn 0.4632 -0.6267 -0.6267
vn 0.3259 -0.6685 -0.6685
vn 0.1714 -0.6966 -0.6966
vn -0.0000 -0.7071 -0.7071
vn -0.1714 -0.6966 -0.6966
vn -0.3259 -0.6685 -0.6685
vn -0.4632 -0.6267 -0.6267
vn 0.6267 0.4632 -0.6267
vn 0.6685 0.3259 -0.6685
vn 0.6966 0.1714 -0.6966
vn 0.7071 -0.0000 -0.7071
vn 0.6966 -0.1714 -0.6966
vn 0.6685 -0.3259 -0.6685
vn 0.6267 -0.4632 -0.6267
vn -0.6267 -0.4632 0.6267
vn -0.6685 -0.3259 0.6685
vn -0.6966 -0.1714 0.6966
vn -0.7071 -0.0000 0.7071
vn -0.6966 0.1714 0.6966
vn -0.6685 0.3259 0.6685
vn -0.6267 0.4632 0.6267
vn 0.6267 0.4632 0.6267
vn 0.6685 0.3259 0.6685
vn 0.6966 0.1714 0.6966
vn 0.7071 -0.0000 0.7071
vn 0.6966 -0.1714 0.6966
vn 0.6685 -0.3259 0.6685
vn 0.6267 -0.4632 0.6267
vn -0.6267 0.4632 -0.6267
vn -0.6685 0.3259 -0.6685
vn -0.6966 0.1714 -0.6966
vn -0.7071 -0.0000 -0.7071
vn -0.6966 -0.1714 -0.6966
vn -0.6685 -0.3259 -0.6685
vn -0.6267 -0.4632 -0.6267
vn 0.4632 0.6267 0.6267
vn 0.3259 0.6685 0.6685
vn 0.1714 0.6966 0.6966
vn -0.0000 0.7071 0.7071
vn -0.1714 0.6966 0.6966
vn -0.3259 0.6685 0.6685
vn -0.4632 0.6267 0.6267
vn 0.6267 0.6267 -0.4632
vn 0.6685 0.6685 -0.3259
vn 0.6966 0.6966 -0.1714
vn 0.7071 0.7071 -0.0000
vn 0.6966 0.6966 0.1714
vn 0.6685 0.6685 0.3259
vn 0.6267 0.6267 0.4632
vn -0.4632 -0.6267 0.6267
vn -0.3259 -0.6685 0.6685
vn -0.1714 -0.6966 0.6966
vn -0.0000 -0.7071 0.7071
vn 0.1714 -0.6966 0.6966
vn 0.3259 -0.6685 0.6685
vn 0.4632 -0.6267 0.6267
vn -0.6267 0.6267 0.4632
vn -0.6685 0.6685 0.3259
vn -0.6966 0.6966 0.1714
vn -0.7071 0.7071 -0.0000
vn -0.6966 0.6966 -0.1714
vn -0.6685 0.6685 -0.3259
vn -0.6267 0.6267 -0.4632
vn -0.4632 0.6267 -0.6267
vn -0.3259 0.6685 -0.6685
vn -0.1714 0.6966 -0.6966
vn -0.0000 0.7071 -0.7071
vn 0.1714 0.6966 -0.6966
vn 0.3259 0.6685 -0.6685
vn 0.4632 0.6267 -0.6267
vn 0.6267 -0.6267 0.4632
vn 0.6685 -0.6685 0.3259
vn 0.6966 -0.6966 0.1714
vn 0.7071 -0.7071 -0.0000
vn 0.6966 -0.6966 -0.1714
vn 0.6685 -0.6685 -0.3259
vn 0.6267 -0.6267 -0.4632
vn 0.4806 0.7335 -0.4806
vn 0.3309 0.7956 -0.5075
vn 0.1719 0.8341 -0.5242
vn -0.0000 0.8478 -0.5303
vn -0.1719 0.8341 -0.5242
vn -0.3309 0.7956 -0.5075
vn -0.4806 0.7335 -0.4806
vn 0.5075 0.7956 -0.3309
vn 0.3400 0.8768 -0.3400
vn 0.1723 0.9223 -0.3460
vn -0.0000 0.9374 -0.3481
vn -0.1723 0.9223 -0.3460
vn -0.3400 0.8768 -0.3400
vn -0.5075 0.7956 -0.3309
vn 0.5242 0.8341 -0.1719
vn 0.3460 0.9223 -0.1723
vn 0.1721 0.9699 -0.1721
vn -0.0000 0.9851 -0.1719
vn -0.1721 0.9699 -0.1721
vn -0.3460 0.9223 -0.1723
vn -0.5242 0.8341 -0.1719
vn 0.5303 0.8478 -0.0000
vn 0.3481 0.9374 -0.0000
vn 0.1719 0.9851 -0.0000
vn -0.0000 1.0000 -0.0000
vn -0.1719 0.9851 -0.0000
vn -0.3481 0.9374 -0.0000
vn -0.5303 0.8478 -0.0000
vn 0.5242 0.8341 0.1719
vn 0.3460 0.9223 0.1723
vn 0.1721 0.9699 0.1721
vn -0.0000 0.9851 0.1719
vn -0.1721 0.9699 0.1721
vn -0.3460 0.9223 0.1723
vn -0.5242 0.8341 0.1719
vn 0.5075 0.7956 0.3309
vn 0.3400 0.8768 0.3400
vn 0.1723 0.9223 0.3460
vn -0.0000 0.9374 0.3481
vn -0.1723 0.9223 0.3460
vn -0.3400 0.8768 0.3400
vn -0.5075 0.7956 0.3309
vn 0.4806 0.7335 0.4806
vn 0.3309 0.7956 0.5075
vn 0.1719 0.8341 0.5242
vn -0.0000 0.8478 0.5303
vn -0.1719 0.8341 0.5242
vn -0.3309 0.7956 0.5075
vn -0.4806 0.7335 0.4806
vn 0.4806 -0.4806 0.7335
vn 0.5075 -0.3309 0.7956
vn 0.5242 -0.1719 0.8341
vn 0.5303 -0.0000 0.8478
vn 0.5242 0.1719 0.8341
vn 0.5075 0.3309 0.7956
vn 0.4806 0.4806 0.7335
vn 0.3309 -0.5075 0.7956
vn 0.3400 -0.3400 0.8768
vn 0.3460 -0.1723 0.9223
vn 0.3481 -0.0000 0.9374
vn 0.3460 0.1723 0.9223
vn 0.3400 0.3400 0.8768
vn 0.3309 0.5075 0.7956
vn 0.1719 -0.5242 0.8341
vn 0.1723 -0.3460 0.9223
vn 0.1721 -0.1721 0.9699
vn 0.1719 -0.0000 0.9851
vn 0.1721 0.1721 0.9699
vn 0.1723 0.3460 0.9223
vn 0.1719 0.5242 0.8341
vn -0.0000 -0.5303 0.8478
vn -0.0000 -0.3481 0.9374
vn -0.0000 -0.1719 0.9851
vn -0.0000 -0.0000 1.0000
vn -0.0000 0.1719 0.9851
vn -0.0000 0.3481 0.9374
vn -0.0000 0.5303 0.8478
vn -0.1719 -0.5242 0.8341
vn -0.1723 -0.3460 0.9223
vn -0.1721 -0.1721 0.9699
vn -0.1719 -0.0000 0.9851
vn -0.1721 0.1721 0.9699
vn -0.1723 0.3460 0.9223
vn -0.1719 0.5242 0.8341
vn -0.3309 -0.5075 0.7956
vn -0.3400 -0.3400 0.8768
vn -0.3460 -0.1723 0.9223
vn -0.3481 -0.0000 0.9374
vn -0.3460 0.1723 0.9223
vn -0.3400 0.3400 0.8768
vn -0.3309 0.5075 0.7956
vn -0.4806 -0.4806 0.7335
vn -0.5075 -0.3309 0.7956
vn -0.5242 -0.1719 0.8341
vn -0.5303 -0.0000 0.8478
vn -0.5242 0.1719 0.8341
vn -0.5075 0.3309 0.7956
vn -0.4806 0.4806 0.7335
vn -0.7335 -0.4806 0.4806
vn -0.7956 -0.3309 0.5075
vn -0.8341 -0.1719 0.5242
vn -0.8478 -0.0000 0.5303
vn -0.8341 0.1719 0.5242
vn -0.7956 0.3309 0.5075
vn -0.7335 0.4806 0.4806
vn -0.7956 -0.5075 0.3309
vn -0.8768 -0.3400 0.3400
vn -0.9223 -0.1723 0.3460
vn -0.9374 -0.0000 0.3481
vn -0.9223 0.1723 0.3460
vn -0.8768 0.3400 0.3400
vn -0.7956 0.5075 0.3309
vn -0.8341 -0.5242 0.1719
vn -0.9223 -0.3460 0.1723
vn -0.9699 -0.1721 0.1721
vn -0.9851 -0.0000 0.1719
vn -0.9699 0.1721 0.1721
vn -0.9223 0.3460 0.1723
vn -0.8341 0.5242 0.1719
vn -0.8478 -0.5303 -0.0000
vn -0.9374 -0.3481 -0.0000
vn -0.9851 -0.1719 -0.0000
vn -1.0000 -0.0000 -0.0000
vn -0.9851 0.1719 -0.0000
vn -0.9374 0.3481 -0.0000
vn -0.8478 0.5303 -0.0000
vn -0.8341 -0.5242 -0.1719
vn -0.9223 -0.3460 -0.1723
vn -0.9699 -0.1721 -0.1721
vn -0.9851 -0.0000 -0.1719
vn -0.9699 0.1721 -0.1721
vn -0.9223 0.3460 -0.1723
vn -0.8341 0.5242 -0.1719
vn -0.7956 -0.5075 -0.3309
vn -0.8768 -0.3400 -0.3400
vn -0.9223 -0.1723 -0.3460
vn -0.9374 -0.0000 -0.3481
vn -0.9223 0.1723 -0.3460
vn -0.8768 0.3400 -0.3400
vn -0.7956 0.5075 -0.3309
vn -0.7335 -0.4806 -0.4806
vn -0.7956 -0.3309 -0.5075
vn -0.8341 -0.1719 -0.5242
vn -0.8478 -0.0000 -0.5303
vn -0.8341 0.1719 -0.5242
vn -0.7956 0.3309 -0.5075
vn -0.7335 0.4806 -0.4806
vn -0.4806 -0.7335 -0.4806
vn -0.3309 -0.7956 -0.5075
vn -0.1719 -0.8341 -0.5242
vn -0.0000 -0.8478 -0.5303
vn 0.1719 -0.8341 -0.5242
vn 0.3309 -0.7956 -0.5075
vn 0.4806 -0.7335 -0.4806
vn -0.5075 -0.7956 -0.3309
vn -0.3400 -0.8768 -0.3400
vn -0.1723 -0.9223 -0.3460
vn -0.0000 -0.9374 -0.3481
vn 0.1723 -0.9223 -0.3460
vn 0.3400 -0.8768 -0.3400
vn 0.5075 -0.7956 -0.3309
vn -0.5242 -0.8341 -0.1719
vn -0.3460 -0.9223 -0.1723
vn -0.1721 -0.9699 -0.1721
vn -0.0000 -0.9851 -0.1719
vn 0.1721 -0.9699 -0.1721
vn 0.3460 -0.9223 -0.1723
vn 0.5242 -0.8341 -0.1719
vn -0.5303 -0.8478 -0.0000
vn -0.3481 -0.9374 -0.0000
vn -0.1719 -0.9851 -0.0000
vn -0.0000 -1.0000 -0.0000
vn 0.1719 -0.9851 -0.0000
vn 0.3481 -0.9374 -0.0000
vn 0.5303 -0.8478 -0.0000
vn -0.5242 -0.8341 0.1719
vn -0.3460 -0.9223 0.1723
vn -0.1721 -0.9699 0.1721
vn -0.0000 -0.9851 0.1719
vn 0.1721 -0.9699 0.1721
vn 0.3460 -0.9223 0.1723
vn 0.5242 -0.8341 0.1719
vn -0.5075 -0.7956 0.3309
vn -0.3400 -0.8768 0.3400
vn -0.1723 -0.9223 0.3460
vn -0.0000 -0.9374 0.3481
vn 0.1723 -0.9223 0.3460
vn 0.3400 -0.8768 0.3400
vn 0.5075 -0.7956 0.3309
vn -0.4806 -0.7335 0.4806
vn -0.3309 -0.7956 0.5075
vn -0.1719 -0.8341 0.5242
vn -0.0000 -0.8478 0.5303
vn 0.1719 -0.8341 0.5242
vn 0.3309 -0.7956 0.5075
vn 0.4806 -0.7335 0.4806
vn 0.7335 -0.4806 -0.4806
vn 0.7956 -0.3309 -0.5075
vn 0.8341 -0.1719 -0.5242
vn 0.8478 -0.0000 -0.5303
vn 0.8341 0.1719 -0.5242
vn 0.7956 0.3309 -0.5075
vn 0.7335 0.4806 -0.4806
vn 0.7956 -0.5075 -0.3309
vn 0.8768 -0.3400 -0.3400
vn 0.9223 -0.1723 -0.3460
vn 0.9374 -0.0000 -0.3481
vn 0.9223 0.1723 -0.3460
vn 0.8768 0.3400 -0.3400
vn 0.7956 0.5075 -0.3309
vn 0.8341 -0.5242 -0.1719
vn 0.9223 -0.3460 -0.1723
vn 0.9699 -0.1721 -0.1721
vn 0.9851 -0.0000 -0.1719
vn 0.9699 0.1721 -0.1721
vn 0.9223 0.3460 -0.1723
vn 0.8341 0.5242 -0.1719
vn 0.8478 -0.5303 -0.0000
vn 0.9374 -0.3481 -0.0000
vn 0.9851 -0.1719 -0.0000
vn 1.0000 -0.0000 -0.0000
vn 0.9851 0.1719 -0.0000
vn 0.9374 0.3481 -0.0000
vn 0.8478 0.5303 -0.0000
vn 0.8341 -0.5242 0.1719
vn 0.9223 -0.3460 0.1723
vn 0.9699 -0.1721 0.1721
vn 0.9851 -0.0000 0.1719
vn 0.9699 0.1721 0.1721
vn 0.9223 0.3460 0.1723
vn 0.8341 0.5242 0.1719
vn 0.7956 -0.5075 0.3309
vn 0.8768 -0.3400 0.3400
vn 0.9223 -0.1723 0.3460
vn 0.9374 -0.0000 0.3481
vn 0.9223 0.1723 0.3460
vn 0.8768 0.3400 0.3400
vn 0.7956 0.5075 0.3309
vn 0.7335 -0.4806 0.4806
vn 0.7956 -0.3309 0.5075
vn 0.8341 -0.1719 0.5242
vn 0.8478 -0.0000 0.5303
vn 0.8341 0.1719 0.5242
vn 0.7956 0.3309 0.5075
vn 0.7335 0.4806 0.4806
vn -0.4806 -0.4806 -0.7335
vn -0.5075 -0.3309 -0.7956
vn -0.5242 -0.1719 -0.8341
vn -0.5303 -0.0000 -0.8478
vn -0.5242 0.1719 -0.8341
vn -0.5075 0.3309 -0.7956
vn -0.4806 0.4806 -0.7335
vn -0.3309 -0.5075 -0.7956
vn -0.3400 -0.3400 -0.8768
vn -0.3460 -0.1723 -0.9223
vn -0.3481 -0.0000 -0.9374
vn -0.3460 0.1723 -0.9223
vn -0.3400 0.3400 -0.8768
vn -0.3309 0.5075 -0.7956
vn -0.1719 -0.5242 -0.8341
vn -0.1723 -0.3460 -0.9223
vn -0.1721 -0.1721 -0.9699
vn -0.1719 -0.0000 -0.9851
vn -0.1721 0.1721 -0.9699
vn -0.1723 0.3460 -0.9223
vn -0.1719 0.5242 -0.8341
vn -0.0000 -0.5303 -0.8478
vn -0.0000 -0.3481 -0.9374
vn -0.0000 -0.1719 -0.9851
vn -0.0000 -0.0000 -1.0000
vn -0.0000 0.1719 -0.9851
vn -0.0000 0.3481 -0.9374
vn -0.0000 0.5303 -0.8478
vn 0.1719 -0.5242 -0.8341
vn 0.1723 -0.3460 -0.9223
vn 0.1721 -0.1721 -0.9699
vn 0.1719 -0.0000 -0.9851
vn 0.1721 0.1721 -0.9699
vn 0.1723 0.3460 -0.9223
vn 0.1719 0.5242 -0.8341
vn 0.3309 -0.5075 -0.7956
vn 0.3400 -0.3400 -0.8768
vn 0.3460 -0.1723 -0.9223
vn 0.3481 -0.0000 -0.9374
vn 0.3460 0.1723 -0.9223
vn 0.3400 0.3400 -0.8768
vn 0.3309 0.5075 -0.7956
vn 0.4806 -0.4806 -0.7335
vn 0.5075 -0.3309 -0.7956
vn 0.5242 -0.1719 -0.8341
vn 0.5303 -0.0000 -0.8478
vn 0.5242 0.1719 -0.8341
vn 0.5075 0.3309 -0.7956
vn 0.4806 0.4806 -0.7335
vt 0.656250 0.531250
vt 0.687500 0.531250
vt 0.687500 0.562500
vt 0.656250 0.562500
vt 0.718750 0.531250
vt 0.718750 0.562500
vt 0.750000 0.531250
vt 0.750000 0.562500
vt 0.781250 0.531250
vt 0.781250 0.562500
vt 0.812500 0.531250
vt 0.812500 0.562500
vt 0.843750 0.531250
vt 0.843750 0.562500
vt 0.687500 0.593750
vt 0.656250 0.593750
vt 0.718750 0.593750
vt 0.750000 0.593750
vt 0.781250 0.593750
vt 0.812500 0.593750
vt 0.843750 0.593750
vt 0.687500 0.625000
vt 0.656250 0.625000
vt 0.718750 0.625000
vt 0.750000 0.625000
vt 0.781250 0.625000
vt 0.812500 0.625000
vt 0.843750 0.625000
vt 0.687500 0.656250
vt 0.656250 0.656250
vt 0.718750 0.656250
vt 0.750000 0.656250
vt 0.781250 0.656250
vt 0.812500 0.656250
vt 0.843750 0.656250
vt 0.687500 0.687500
vt 0.656250 0.687500
vt 0.718750 0.687500
vt 0.750000 0.687500
vt 0.781250 0.687500
vt 0.812500 0.687500
vt 0.843750 0.687500
vt 0.687500 0.718750
vt 0.656250 0.718750
vt 0.718750 0.718750
vt 0.750000 0.718750
vt 0.781250 0.718750
vt 0.812500 0.718750
vt 0.843750 0.718750
vt 0.625000 0.500000
vt 0.656250 0.500000
vt 0.625000 0.531250
vt 0.687500 0.500000
vt 0.718750 0.500000
vt 0.750000 0.500000
vt 0.781250 0.500000
vt 0.812500 0.500000
vt 0.843750 0.500000
vt 0.875000 0.500000
vt 0.875000 0.531250
vt 0.875000 0.562500
vt 0.875000 0.593750
vt 0.875000 0.625000
vt 0.875000 0.656250
vt 0.875000 0.687500
vt 0.875000 0.718750
vt 0.875000 0.750000
vt 0.843750 0.750000
vt 0.812500 0.750000
vt 0.781250 0.750000
vt 0.750000 0.750000
vt 0.718750 0.750000
vt 0.687500 0.750000
vt 0.656250 0.750000
vt 0.625000 0.718750
vt 0.625000 0.750000
vt 0.625000 0.687500
vt 0.625000 0.656250
vt 0.625000 0.625000
vt 0.625000 0.593750
vt 0.625000 0.562500
vt 0.406250 0.781250
vt 0.437500 0.781250
vt 0.437500 0.812500
vt 0.406250 0.812500
vt 0.468750 0.781250
vt 0.468750 0.812500
vt 0.500000 0.781250
vt 0.500000 0.812500
vt 0.531250 0.781250
vt 0.531250 0.812500
vt 0.562500 0.781250
vt 0.562500 0.812500
vt 0.593750 0.781250
vt 0.593750 0.812500
vt 0.437500 0.843750
vt 0.406250 0.843750
vt 0.468750 0.843750
vt 0.500000 0.843750
vt 0.531250 0.843750
vt 0.562500 0.843750
vt 0.593750 0.843750
vt 0.437500 0.875000
vt 0.406250 0.875000
vt 0.468750 0.875000
vt 0.500000 0.875000
vt 0.531250 0.875000
vt 0.562500 0.875000
vt 0.593750 0.875000
vt 0.437500 0.906250
vt 0.406250 0.906250
vt 0.468750 0.906250
vt 0.500000 0.906250
vt 0.531250 0.906250
vt 0.562500 0.906250
vt 0.593750 0.906250
vt 0.437500 0.937500
vt 0.406250 0.937500
vt 0.468750 0.937500
vt 0.500000 0.937500
vt 0.531250 0.937500
vt 0.562500 0.937500
vt 0.593750 0.937500
vt 0.437500 0.968750
vt 0.406250 0.968750
vt 0.468750 0.968750
vt 0.500000 0.968750
vt 0.531250 0.968750
vt 0.562500 0.968750
vt 0.593750 0.968750
vt 0.375000 0.750000
vt 0.406250 0.750000
vt 0.375000 0.781250
vt 0.437500 0.750000
vt 0.468750 0.750000
vt 0.500000 0.750000
vt 0.531250 0.750000
vt 0.562500 0.750000
vt 0.593750 0.750000
vt 0.625000 0.781250
vt 0.625000 0.812500
vt 0.625000 0.843750
vt 0.625000 0.875000
vt 0.625000 0.906250
vt 0.625000 0.937500
vt 0.625000 0.968750
vt 0.625000 1.000000
vt 0.593750 1.000000
vt 0.562500 1.000000
vt 0.531250 1.000000
vt 0.500000 1.000000
vt 0.468750 1.000000
vt 0.437500 1.000000
vt 0.406250 1.000000
vt 0.375000 0.968750
vt 0.375000 1.000000
vt 0.375000 0.937500
vt 0.375000 0.906250
vt 0.375000 0.875000
vt 0.375000 0.843750
vt 0.375000 0.812500
vt 0.406250 0.031250
vt 0.437500 0.031250
vt 0.437500 0.062500
vt 0.406250 0.062500
vt 0.468750 0.031250
vt 0.468750 0.062500
vt 0.500000 0.031250
vt 0.500000 0.062500
vt 0.531250 0.031250
vt 0.531250 0.062500
vt 0.562500 0.031250
vt 0.562500 0.062500
vt 0.593750 0.031250
vt 0.593750 0.062500
vt 0.437500 0.093750
vt 0.406250 0.093750
vt 0.468750 0.093750
vt 0.500000 0.093750
vt 0.531250 0.093750
vt 0.562500 0.093750
vt 0.593750 0.093750
vt 0.437500 0.125000
vt 0.406250 0.125000
vt 0.468750 0.125000
vt 0.500000 0.125000
vt 0.531250 0.125000
vt 0.562500 0.125000
vt 0.593750 0.125000
vt 0.437500 0.156250
vt 0.406250 0.156250
vt 0.468750 0.156250
vt 0.500000 0.156250
vt 0.531250 0.156250
vt 0.562500 0.156250
vt 0.593750 0.156250
vt 0.437500 0.187500
vt 0.406250 0.187500
vt 0.468750 0.187500
vt 0.500000 0.187500
vt 0.531250 0.187500
vt 0.562500 0.187500
vt 0.593750 0.187500
vt 0.437500 0.218750
vt 0.406250 0.218750
vt 0.468750 0.218750
vt 0.500000 0.218750
vt 0.531250 0.218750
vt 0.562500 0.218750
vt 0.593750 0.218750
vt 0.375000 0.000000
vt 0.406250 0.000000
vt 0.375000 0.031250
vt 0.437500 0.000000
vt 0.468750 0.000000
vt 0.500000 0.000000
vt 0.531250 0.000000
vt 0.562500 0.000000
vt 0.593750 0.000000
vt 0.625000 0.000000
vt 0.625000 0.031250
vt 0.625000 0.062500
vt 0.625000 0.093750
vt 0.625000 0.125000
vt 0.625000 0.156250
vt 0.625000 0.187500
vt 0.625000 0.218750
vt 0.625000 0.250000
vt 0.593750 0.250000
vt 0.562500 0.250000
vt 0.531250 0.250000
vt 0.500000 0.250000
vt 0.468750 0.250000
vt 0.437500 0.250000
vt 0.406250 0.250000
vt 0.375000 0.218750
vt 0.375000 0.250000
vt 0.375000 0.187500
vt 0.375000 0.156250
vt 0.375000 0.125000
vt 0.375000 0.093750
vt 0.375000 0.062500
vt 0.156250 0.531250
vt 0.187500 0.531250
vt 0.187500 0.562500
vt 0.156250 0.562500
vt 0.218750 0.531250
vt 0.218750 0.562500
vt 0.250000 0.531250
vt 0.250000 0.562500
vt 0.281250 0.531250
vt 0.281250 0.562500
vt 0.312500 0.531250
vt 0.312500 0.562500
vt 0.343750 0.531250
vt 0.343750 0.562500
vt 0.187500 0.593750
vt 0.156250 0.593750
vt 0.218750 0.593750
vt 0.250000 0.593750
vt 0.281250 0.593750
vt 0.312500 0.593750
vt 0.343750 0.593750
vt 0.187500 0.625000
vt 0.156250 0.625000
vt 0.218750 0.625000
vt 0.250000 0.625000
vt 0.281250 0.625000
vt 0.312500 0.625000
vt 0.343750 0.625000
vt 0.187500 0.656250
vt 0.156250 0.656250
vt 0.218750 0.656250
vt 0.250000 0.656250
vt 0.281250 0.656250
vt 0.312500 0.656250
vt 0.343750 0.656250
vt 0.187500 0.687500
vt 0.156250 0.687500
vt 0.218750 0.687500
vt 0.250000 0.687500
vt 0.281250 0.687500
vt 0.312500 0.687500
vt 0.343750 0.687500
vt 0.187500 0.718750
vt 0.156250 0.718750
vt 0.218750 0.718750
vt 0.250000 0.718750
vt 0.281250 0.718750
vt 0.312500 0.718750
vt 0.343750 0.718750
vt 0.125000 0.500000
vt 0.156250 0.500000
vt 0.125000 0.531250
vt 0.187500 0.500000
vt 0.218750 0.500000
vt 0.250000 0.500000
vt 0.281250 0.500000
vt 0.312500 0.500000
vt 0.343750 0.500000
vt 0.375000 0.500000
vt 0.375000 0.531250
vt 0.375000 0.562500
vt 0.375000 0.593750
vt 0.375000 0.625000
vt 0.375000 0.656250
vt 0.375000 0.687500
vt 0.375000 0.718750
vt 0.343750 0.750000
vt 0.312500 0.750000
vt 0.281250 0.750000
vt 0.250000 0.750000
vt 0.218750 0.750000
vt 0.187500 0.750000
vt 0.156250 0.750000
vt 0.125000 0.718750
vt 0.125000 0.750000
vt 0.125000 0.687500
vt 0.125000 0.656250
vt 0.125000 0.625000
vt 0.125000 0.593750
vt 0.125000 0.562500
vt 0.406250 0.531250
vt 0.437500 0.531250
vt 0.437500 0.562500
vt 0.406250 0.562500
vt 0.468750 0.531250
vt 0.468750 0.562500
vt 0.500000 0.531250
vt 0.500000 0.562500
vt 0.531250 0.531250
vt 0.531250 0.562500
vt 0.562500 0.531250
vt 0.562500 0.562500
vt 0.593750 0.531250
vt 0.593750 0.562500
vt 0.437500 0.593750
vt 0.406250 0.593750
vt 0.468750 0.593750
vt 0.500000 0.593750
vt 0.531250 0.593750
vt 0.562500 0.593750
vt 0.593750 0.593750
vt 0.437500 0.625000
vt 0.406250 0.625000
vt 0.468750 0.625000
vt 0.500000 0.625000
vt 0.531250 0.625000
vt 0.562500 0.625000
vt 0.593750 0.625000
vt 0.437500 0.656250
vt 0.406250 0.656250
vt 0.468750 0.656250
vt 0.500000 0.656250
vt 0.531250 0.656250
vt 0.562500 0.656250
vt 0.593750 0.656250
vt 0.437500 0.687500
vt 0.406250 0.687500
vt 0.468750 0.687500
vt 0.500000 0.687500
vt 0.531250 0.687500
vt 0.562500 0.687500
vt 0.593750 0.687500
vt 0.437500 0.718750
vt 0.406250 0.718750
vt 0.468750 0.718750
vt 0.500000 0.718750
vt 0.531250 0.718750
vt 0.562500 0.718750
vt 0.593750 0.718750
vt 0.406250 0.500000
vt 0.437500 0.500000
vt 0.468750 0.500000
vt 0.500000 0.500000
vt 0.531250 0.500000
vt 0.562500 0.500000
vt 0.593750 0.500000
vt 0.406250 0.281250
vt 0.437500 0.281250
vt 0.437500 0.312500
vt 0.406250 0.312500
vt 0.468750 0.281250
vt 0.468750 0.312500
vt 0.500000 0.281250
vt 0.500000 0.312500
vt 0.531250 0.281250
vt 0.531250 0.312500
vt 0.562500 0.281250
vt 0.562500 0.312500
vt 0.593750 0.281250
vt 0.593750 0.312500
vt 0.437500 0.343750
vt 0.406250 0.343750
vt 0.468750 0.343750
vt 0.500000 0.343750
vt 0.531250 0.343750
vt 0.562500 0.343750
vt 0.593750 0.343750
vt 0.437500 0.375000
vt 0.406250 0.375000
vt 0.468750 0.375000
vt 0.500000 0.375000
vt 0.531250 0.375000
vt 0.562500 0.375000
vt 0.593750 0.375000
vt 0.437500 0.406250
vt 0.406250 0.406250
vt 0.468750 0.406250
vt 0.500000 0.406250
vt 0.531250 0.406250
vt 0.562500 0.406250
vt 0.593750 0.406250
vt 0.437500 0.437500
vt 0.406250 0.437500
vt 0.468750 0.437500
vt 0.500000 0.437500
vt 0.531250 0.437500
vt 0.562500 0.437500
vt 0.593750 0.437500
vt 0.437500 0.468750
vt 0.406250 0.468750
vt 0.468750 0.468750
vt 0.500000 0.468750
vt 0.531250 0.468750
vt 0.562500 0.468750
vt 0.593750 0.468750
vt 0.375000 0.281250
vt 0.625000 0.281250
vt 0.625000 0.312500
vt 0.625000 0.343750
vt 0.625000 0.375000
vt 0.625000 0.406250
vt 0.625000 0.437500
vt 0.625000 0.468750
vt 0.375000 0.468750
vt 0.375000 0.437500
vt 0.375000 0.406250
vt 0.375000 0.375000
vt 0.375000 0.343750
vt 0.375000 0.312500
s 1
usemtl Material
f 93/1/93 94/2/94 101/3/101 100/4/100
f 94/2/94 95/5/95 102/6/102 101/3/101
f 95/5/95 96/7/96 103/8/103 102/6/102
f 96/7/96 97/9/97 104/10/104 103/8/103
f 97/9/97 98/11/98 105/12/105 104/10/104
f 98/11/98 99/13/99 106/14/106 105/12/105
f 100/4/100 101/3/101 108/15/108 107/16/107
f 101/3/101 102/6/102 109/17/109 108/15/108
f 102/6/102 103/8/103 110/18/110 109/17/109
f 103/8/103 104/10/104 111/19/111 110/18/110
f 104/10/104 105/12/105 112/20/112 111/19/111
f 105/12/105 106/14/106 113/21/113 112/20/112
f 107/16/107 108/15/108 115/22/115 114/23/114
f 108/15/108 109/17/109 116/24/116 115/22/115
f 109/17/109 110/18/110 117/25/117 116/24/116
f 110/18/110 111/19/111 118/26/118 117/25/117
f 111/19/111 112/20/112 119/27/119 118/26/118
f 112/20/112 113/21/113 120/28/120 119/27/119
f 114/23/114 115/22/115 122/29/122 121/30/121
f 115/22/115 116/24/116 123/31/123 122/29/122
f 116/24/116 117/25/117 124/32/124 123/31/123
f 117/25/117 118/26/118 125/33/125 124/32/124
f 118/26/118 119/27/119 126/34/126 125/33/125
f 119/27/119 120/28/120 127/35/127 126/34/126
f 121/30/121 122/29/122 129/36/129 128/37/128
f 122/29/122 123/31/123 130/38/130 129/36/129
f 123/31/123 124/32/124 131/39/131 130/38/130
f 124/32/124 125/33/125 132/40/132 131/39/131
f 125/33/125 126/34/126 133/41/133 132/40/132
f 126/34/126 127/35/127 134/42/134 133/41/133
f 128/37/128 129/36/129 136/43/136 135/44/135
f 129/36/129 130/38/130 137/45/137 136/43/136
f 130/38/130 131/39/131 138/46/138 137/45/137
f 131/39/131 132/40/132 139/47/139 138/46/138
f 132/40/132 133/41/133 140/48/140 139/47/139
f 133/41/133 134/42/134 141/49/141 140/48/140
f 1/50/1 85/51/85 93/1/93 58/52/58
f 85/51/85 84/53/84 94/2/94 93/1/93
f 84/53/84 83/54/83 95/5/95 94/2/94
f 83/54/83 82/55/82 96/7/96 95/5/95
f 82/55/82 81/56/81 97/9/97 96/7/96
f 81/56/81 80/57/80 98/11/98 97/9/97
f 80/57/80 79/58/79 99/13/99 98/11/98
f 79/58/79 5/59/5 78/60/78 99/13/99
f 99/13/99 78/60/78 77/61/77 106/14/106
f 106/14/106 77/61/77 76/62/76 113/21/113
f 113/21/113 76/62/76 75/63/75 120/28/120
f 120/28/120 75/63/75 74/64/74 127/35/127
f 127/35/127 74/64/74 73/65/73 134/42/134
f 134/42/134 73/65/73 72/66/72 141/49/141
f 141/49/141 72/66/72 7/67/7 57/68/57
f 140/48/140 141/49/141 57/68/57 56/69/56
f 139/47/139 140/48/140 56/69/56 55/70/55
f 138/46/138 139/47/139 55/70/55 54/71/54
f 137/45/137 138/46/138 54/71/54 53/72/53
f 136/43/136 137/45/137 53/72/53 52/73/52
f 135/44/135 136/43/136 52/73/52 51/74/51
f 64/75/64 135/44/135 51/74/51 3/76/3
f 63/77/63 128/37/128 135/44/135 64/75/64
f 62/78/62 121/30/121 128/37/128 63/77/63
f 61/79/61 114/23/114 121/30/121 62/78/62
f 60/80/60 107/16/107 114/23/114 61/79/61
f 59/81/59 100/4/100 107/16/107 60/80/60
f 58/52/58 93/1/93 100/4/100 59/81/59
f 142/82/142 143/83/143 150/84/150 149/85/149
f 143/83/143 144/86/144 151/87/151 150/84/150
f 144/86/144 145/88/145 152/89/152 151/87/151
f 145/88/145 146/90/146 153/91/153 152/89/152
f 146/90/146 147/92/147 154/93/154 153/91/153
f 147/92/147 148/94/148 155/95/155 154/93/154
f 149/85/149 150/84/150 157/96/157 156/97/156
f 150/84/150 151/87/151 158/98/158 157/96/157
f 151/87/151 152/89/152 159/99/159 158/98/158
f 152/89/152 153/91/153 160/100/160 159/99/159
f 153/91/153 154/93/154 161/101/161 160/100/160
f 154/93/154 155/95/155 162/102/162 161/101/161
f 156/97/156 157/96/157 164/103/164 163/104/163
f 157/96/157 158/98/158 165/105/165 164/103/164
f 158/98/158 159/99/159 166/106/166 165/105/165
f 159/99/159 160/100/160 167/107/167 166/106/166
f 160/100/160 161/101/161 168/108/168 167/107/167
f 161/101/161 162/102/162 169/109/169 168/108/168
f 163/104/163 164/103/164 171/110/171 170/111/170
f 164/103/164 165/105/165 172/112/172 171/110/171
f 165/105/165 166/106/166 173/113/173 172/112/172
f 166/106/166 167/107/167 174/114/174 173/113/173
f 167/107/167 168/108/168 175/115/175 174/114/174
f 168/108/168 169/109/169 176/116/176 175/115/175
f 170/111/170 171/110/171 178/117/178 177/118/177
f 171/110/171 172/112/172 179/119/179 178/117/178
f 172/112/172 173/113/173 180/120/180 179/119/179
f 173/113/173 174/114/174 181/121/181 180/120/180
f 174/114/174 175/115/175 182/122/182 181/121/181
f 175/115/175 176/116/176 183/123/183 182/122/182
f 177/118/177 178/117/178 185/124/185 184/125/184
f 178/117/178 179/119/179 186/126/186 185/124/185
f 179/119/179 180/120/180 187/127/187 186/126/186
f 180/120/180 181/121/181 188/128/188 187/127/187
f 181/121/181 182/122/182 189/129/189 188/128/188
f 182/122/182 183/123/183 190/130/190 189/129/189
f 4/131/4 43/132/43 142/82/142 71/133/71
f 43/132/43 42/134/42 143/83/143 142/82/142
f 42/134/42 41/135/41 144/86/144 143/83/143
f 41/135/41 40/136/40 145/88/145 144/86/144
f 40/136/40 39/137/39 146/90/146 145/88/145
f 39/137/39 38/138/38 147/92/147 146/90/146
f 38/138/38 37/139/37 148/94/148 147/92/147
f 37/139/37 3/76/3 51/140/51 148/94/148
f 148/94/148 51/140/51 52/141/52 155/95/155
f 155/95/155 52/141/52 53/142/53 162/102/162
f 162/102/162 53/142/53 54/143/54 169/109/169
f 169/109/169 54/143/54 55/144/55 176/116/176
f 176/116/176 55/144/55 56/145/56 183/123/183
f 183/123/183 56/145/56 57/146/57 190/130/190
f 190/130/190 57/146/57 7/147/7 36/148/36
f 189/129/189 190/130/190 36/148/36 35/149/35
f 188/128/188 189/129/189 35/149/35 34/150/34
f 187/127/187 188/128/188 34/150/34 33/151/33
f 186/126/186 187/127/187 33/151/33 32/152/32
f 185/124/185 186/126/186 32/152/32 31/153/31
f 184/125/184 185/124/185 31/153/31 30/154/30
f 65/155/65 184/125/184 30/154/30 8/156/8
f 66/157/66 177/118/177 184/125/184 65/155/65
f 67/158/67 170/111/170 177/118/177 66/157/66
f 68/159/68 163/104/163 170/111/170 67/158/67
f 69/160/69 156/97/156 163/104/163 68/159/68
f 70/161/70 149/85/149 156/97/156 69/160/69
f 71/133/71 142/82/142 149/85/149 70/161/70
f 191/162/191 192/163/192 199/164/199 198/165/198
f 192/163/192 193/166/193 200/167/200 199/164/199
f 193/166/193 194/168/194 201/169/201 200/167/200
f 194/168/194 195/170/195 202/171/202 201/169/201
f 195/170/195 196/172/196 203/173/203 202/171/202
f 196/172/196 197/174/197 204/175/204 203/173/203
f 198/165/198 199/164/199 206/176/206 205/177/205
f 199/164/199 200/167/200 207/178/207 206/176/206
f 200/167/200 201/169/201 208/179/208 207/178/207
f 201/169/201 202/171/202 209/180/209 208/179/208
f 202/171/202 203/173/203 210/181/210 209/180/209
f 203/173/203 204/175/204 211/182/211 210/181/210
f 205/177/205 206/176/206 213/183/213 212/184/212
f 206/176/206 207/178/207 214/185/214 213/183/213
f 207/178/207 208/179/208 215/186/215 214/185/214
f 208/179/208 209/180/209 216/187/216 215/186/215
f 209/180/209 210/181/210 217/188/217 216/187/216
f 210/181/210 211/182/211 218/189/218 217/188/217
f 212/184/212 213/183/213 220/190/220 219/191/219
f 213/183/213 214/185/214 221/192/221 220/190/220
f 214/185/214 215/186/215 222/193/222 221/192/221
f 215/186/215 216/187/216 223/194/223 222/193/222
f 216/187/216 217/188/217 224/195/224 223/194/223
f 217/188/217 218/189/218 225/196/225 224/195/224
f 219/191/219 220/190/220 227/197/227 226/198/226
f 220/190/220 221/192/221 228/199/228 227/197/227
f 221/192/221 222/193/222 229/200/229 228/199/228
f 222/193/222 223/194/223 230/201/230 229/200/229
f 223/194/223 224/195/224 231/202/231 230/201/230
f 224/195/224 225/196/225 232/203/232 231/202/231
f 226/198/226 227/197/227 234/204/234 233/205/233
f 227/197/227 228/199/228 235/206/235 234/204/234
f 228/199/228 229/200/229 236/207/236 235/206/235
f 229/200/229 230/201/230 237/208/237 236/207/236
f 230/201/230 231/202/231 238/209/238 237/208/237
f 231/202/231 232/203/232 239/210/239 238/209/238
f 8/211/8 30/212/30 191/162/191 15/213/15
f 30/212/30 31/214/31 192/163/192 191/162/191
f 31/214/31 32/215/32 193/166/193 192/163/192
f 32/215/32 33/216/33 194/168/194 193/166/193
f 33/216/33 34/217/34 195/170/195 194/168/194
f 34/217/34 35/218/35 196/172/196 195/170/195
f 35/218/35 36/219/36 197/174/197 196/172/196
f 36/219/36 7/220/7 72/221/72 197/174/197
f 197/174/197 72/221/72 73/222/73 204/175/204
f 204/175/204 73/222/73 74/223/74 211/182/211
f 211/182/211 74/223/74 75/224/75 218/189/218
f 218/189/218 75/224/75 76/225/76 225/196/225
f 225/196/225 76/225/76 77/226/77 232/203/232
f 232/203/232 77/226/77 78/227/78 239/210/239
f 239/210/239 78/227/78 5/228/5 44/229/44
f 238/209/238 239/210/239 44/229/44 45/230/45
f 237/208/237 238/209/238 45/230/45 46/231/46
f 236/207/236 237/208/237 46/231/46 47/232/47
f 235/206/235 236/207/236 47/232/47 48/233/48
f 234/204/234 235/206/235 48/233/48 49/234/49
f 233/205/233 234/204/234 49/234/49 50/235/50
f 9/236/9 233/205/233 50/235/50 6/237/6
f 10/238/10 226/198/226 233/205/233 9/236/9
f 11/239/11 219/191/219 226/198/226 10/238/10
f 12/240/12 212/184/212 219/191/219 11/239/11
f 13/241/13 205/177/205 212/184/212 12/240/12
f 14/242/14 198/165/198 205/177/205 13/241/13
f 15/213/15 191/162/191 198/165/198 14/242/14
f 240/243/240 241/244/241 248/245/248 247/246/247
f 241/244/241 242/247/242 249/248/249 248/245/248
f 242/247/242 243/249/243 250/250/250 249/248/249
f 243/249/243 244/251/244 251/252/251 250/250/250
f 244/251/244 245/253/245 252/254/252 251/252/251
f 245/253/245 246/255/246 253/256/253 252/254/252
f 247/246/247 248/245/248 255/257/255 254/258/254
f 248/245/248 249/248/249 256/259/256 255/257/255
f 249/248/249 250/250/250 257/260/257 256/259/256
f 250/250/250 251/252/251 258/261/258 257/260/257
f 251/252/251 252/254/252 259/262/259 258/261/258
f 252/254/252 253/256/253 260/263/260 259/262/259
f 254/258/254 255/257/255 262/264/262 261/265/261
f 255/257/255 256/259/256 263/266/263 262/264/262
f 256/259/256 257/260/257 264/267/264 263/266/263
f 257/260/257 258/261/258 265/268/265 264/267/264
f 258/261/258 259/262/259 266/269/266 265/268/265
f 259/262/259 260/263/260 267/270/267 266/269/266
f 261/265/261 262/264/262 269/271/269 268/272/268
f 262/264/262 263/266/263 270/273/270 269/271/269
f 263/266/263 264/267/264 271/274/271 270/273/270
f 264/267/264 265/268/265 272/275/272 271/274/271
f 265/268/265 266/269/266 273/276/273 272/275/272
f 266/269/266 267/270/267 274/277/274 273/276/273
f 268/272/268 269/271/269 276/278/276 275/279/275
f 269/271/269 270/273/270 277/280/277 276/278/276
f 270/273/270 271/274/271 278/281/278 277/280/277
f 271/274/271 272/275/272 279/282/279 278/281/278
f 272/275/272 273/276/273 280/283/280 279/282/279
f 273/276/273 274/277/274 281/284/281 280/283/280
f 275/279/275 276/278/276 283/285/283 282/286/282
f 276/278/276 277/280/277 284/287/284 283/285/283
f 277/280/277 278/281/278 285/288/285 284/287/284
f 278/281/278 279/282/279 286/289/286 285/288/285
f 279/282/279 280/283/280 287/290/287 286/289/286
f 280/283/280 281/284/281 288/291/288 287/290/287
f 6/292/6 22/293/22 240/243/240 9/294/9
f 22/293/22 21/295/21 241/244/241 240/243/240
f 21/295/21 20/296/20 242/247/242 241/244/241
f 20/296/20 19/297/19 243/249/243 242/247/242
f 19/297/19 18/298/18 244/251/244 243/249/243
f 18/298/18 17/299/17 245/253/245 244/251/244
f 17/299/17 16/300/16 246/255/246 245/253/245
f 16/300/16 2/301/2 92/302/92 246/255/246
f 246/255/246 92/302/92 91/303/91 253/256/253
f 253/256/253 91/303/91 90/304/90 260/263/260
f 260/263/260 90/304/90 89/305/89 267/270/267
f 267/270/267 89/305/89 88/306/88 274/277/274
f 274/277/274 88/306/88 87/307/87 281/284/281
f 281/284/281 87/307/87 86/308/86 288/291/288
f 288/291/288 86/308/86 4/131/4 71/309/71
f 287/290/287 288/291/288 71/309/71 70/310/70
f 286/289/286 287/290/287 70/310/70 69/311/69
f 285/288/285 286/289/286 69/311/69 68/312/68
f 284/287/284 285/288/285 68/312/68 67/313/67
f 283/285/283 284/287/284 67/313/67 66/314/66
f 282/286/282 283/285/283 66/314/66 65/315/65
f 15/316/15 282/286/282 65/315/65 8/317/8
f 14/318/14 275/279/275 282/286/282 15/316/15
f 13/319/13 268/272/268 275/279/275 14/318/14
f 12/320/12 261/265/261 268/272/268 13/319/13
f 11/321/11 254/258/254 261/265/261 12/320/12
f 10/322/10 247/246/247 254/258/254 11/321/11
f 9/294/9 240/243/240 247/246/247 10/322/10
f 289/323/289 290/324/290 297/325/297 296/326/296
f 290/324/290 291/327/291 298/328/298 297/325/297
f 291/327/291 292/329/292 299/330/299 298/328/298
f 292/329/292 293/331/293 300/332/300 299/330/299
f 293/331/293 294/333/294 301/334/301 300/332/300
f 294/333/294 295/335/295 302/336/302 301/334/301
f 296/326/296 297/325/297 304/337/304 303/338/303
f 297/325/297 298/328/298 305/339/305 304/337/304
f 298/328/298 299/330/299 306/340/306 305/339/305
f 299/330/299 300/332/300 307/341/307 306/340/306
f 300/332/300 301/334/301 308/342/308 307/341/307
f 301/334/301 302/336/302 309/343/309 308/342/308
f 303/338/303 304/337/304 311/344/311 310/345/310
f 304/337/304 305/339/305 312/346/312 311/344/311
f 305/339/305 306/340/306 313/347/313 312/346/312
f 306/340/306 307/341/307 314/348/314 313/347/313
f 307/341/307 308/342/308 315/349/315 314/348/314
f 308/342/308 309/343/309 316/350/316 315/349/315
f 310/345/310 311/344/311 318/351/318 317/352/317
f 311/344/311 312/346/312 319/353/319 318/351/318
f 312/346/312 313/347/313 320/354/320 319/353/319
f 313/347/313 314/348/314 321/355/321 320/354/320
f 314/348/314 315/349/315 322/356/322 321/355/321
f 315/349/315 316/350/316 323/357/323 322/356/322
f 317/352/317 318/351/318 325/358/325 324/359/324
f 318/351/318 319/353/319 326/360/326 325/358/325
f 319/353/319 320/354/320 327/361/327 326/360/326
f 320/354/320 321/355/321 328/362/328 327/361/327
f 321/355/321 322/356/322 329/363/329 328/362/328
f 322/356/322 323/357/323 330/364/330 329/363/329
f 324/359/324 325/358/325 332/365/332 331/366/331
f 325/358/325 326/360/326 333/367/333 332/365/332
f 326/360/326 327/361/327 334/368/334 333/367/333
f 327/361/327 328/362/328 335/369/335 334/368/334
f 328/362/328 329/363/329 336/370/336 335/369/335
f 329/363/329 330/364/330 337/371/337 336/370/336
f 2/301/2 29/372/29 289/323/289 92/302/92
f 29/372/29 28/373/28 290/324/290 289/323/289
f 28/373/28 27/374/27 291/327/291 290/324/290
f 27/374/27 26/375/26 292/329/292 291/327/291
f 26/375/26 25/376/25 293/331/293 292/329/292
f 25/376/25 24/377/24 294/333/294 293/331/293
f 24/377/24 23/378/23 295/335/295 294/333/294
f 23/378/23 1/50/1 58/52/58 295/335/295
f 295/335/295 58/52/58 59/81/59 302/336/302
f 302/336/302 59/81/59 60/80/60 309/343/309
f 309/343/309 60/80/60 61/79/61 316/350/316
f 316/350/316 61/79/61 62/78/62 323/357/323
f 323/357/323 62/78/62 63/77/63 330/364/330
f 330/364/330 63/77/63 64/75/64 337/371/337
f 337/371/337 64/75/64 3/76/3 37/139/37
f 336/370/336 337/371/337 37/139/37 38/138/38
f 335/369/335 336/370/336 38/138/38 39/137/39
f 334/368/334 335/369/335 39/137/39 40/136/40
f 333/367/333 334/368/334 40/136/40 41/135/41
f 332/365/332 333/367/333 41/135/41 42/134/42
f 331/366/331 332/365/332 42/134/42 43/132/43
f 86/308/86 331/366/331 43/132/43 4/131/4
f 87/307/87 324/359/324 331/366/331 86/308/86
f 88/306/88 317/352/317 324/359/324 87/307/87
f 89/305/89 310/345/310 317/352/317 88/306/88
f 90/304/90 303/338/303 310/345/310 89/305/89
f 91/303/91 296/326/296 303/338/303 90/304/90
f 92/302/92 289/323/289 296/326/296 91/303/91
f 338/379/338 339/380/339 346/381/346 345/382/345
f 339/380/339 340/383/340 347/384/347 346/381/346
f 340/383/340 341/385/341 348/386/348 347/384/347
f 341/385/341 342/387/342 349/388/349 348/386/348
f 342/387/342 343/389/343 350/390/350 349/388/349
f 343/389/343 344/391/344 351/392/351 350/390/350
f 345/382/345 346/381/346 353/393/353 352/394/352
f 346/381/346 347/384/347 354/395/354 353/393/353
f 347/384/347 348/386/348 355/396/355 354/395/354
f 348/386/348 349/388/349 356/397/356 355/396/355
f 349/388/349 350/390/350 357/398/357 356/397/356
f 350/390/350 351/392/351 358/399/358 357/398/357
f 352/394/352 353/393/353 360/400/360 359/401/359
f 353/393/353 354/395/354 361/402/361 360/400/360
f 354/395/354 355/396/355 362/403/362 361/402/361
f 355/396/355 356/397/356 363/404/363 362/403/362
f 356/397/356 357/398/357 364/405/364 363/404/363
f 357/398/357 358/399/358 365/406/365 364/405/364
f 359/401/359 360/400/360 367/407/367 366/408/366
f 360/400/360 361/402/361 368/409/368 367/407/367
f 361/402/361 362/403/362 369/410/369 368/409/368
f 362/403/362 363/404/363 370/411/370 369/410/369
f 363/404/363 364/405/364 371/412/371 370/411/370
f 364/405/364 365/406/365 372/413/372 371/412/371
f 366/408/366 367/407/367 374/414/374 373/415/373
f 367/407/367 368/409/368 375/416/375 374/414/374
f 368/409/368 369/410/369 376/417/376 375/416/375
f 369/410/369 370/411/370 377/418/377 376/417/376
f 370/411/370 371/412/371 378/419/378 377/418/377
f 371/412/371 372/413/372 379/420/379 378/419/378
f 373/415/373 374/414/374 381/421/381 380/422/380
f 374/414/374 375/416/375 382/423/382 381/421/381
f 375/416/375 376/417/376 383/424/383 382/423/382
f 376/417/376 377/418/377 384/425/384 383/424/383
f 377/418/377 378/419/378 385/426/385 384/425/384
f 378/419/378 379/420/379 386/427/386 385/426/385
f 6/237/6 50/235/50 338/379/338 22/428/22
f 50/235/50 49/234/49 339/380/339 338/379/338
f 49/234/49 48/233/48 340/383/340 339/380/339
f 48/233/48 47/232/47 341/385/341 340/383/340
f 47/232/47 46/231/46 342/387/342 341/385/341
f 46/231/46 45/230/45 343/389/343 342/387/342
f 45/230/45 44/229/44 344/391/344 343/389/343
f 44/229/44 5/228/5 79/429/79 344/391/344
f 344/391/344 79/429/79 80/430/80 351/392/351
f 351/392/351 80/430/80 81/431/81 358/399/358
f 358/399/358 81/431/81 82/432/82 365/406/365
f 365/406/365 82/432/82 83/433/83 372/413/372
f 372/413/372 83/433/83 84/434/84 379/420/379
f 379/420/379 84/434/84 85/435/85 386/427/386
f 386/427/386 85/435/85 1/50/1 23/378/23
f 385/426/385 386/427/386 23/378/23 24/377/24
f 384/425/384 385/426/385 24/377/24 25/376/25
f 383/424/383 384/425/384 25/376/25 26/375/26
f 382/423/382 383/424/383 26/375/26 27/374/27
f 381/421/381 382/423/382 27/374/27 28/373/28
f 380/422/380 381/421/381 28/373/28 29/372/29
f 16/436/16 380/422/380 29/372/29 2/301/2
f 17/437/17 373/415/373 380/422/380 16/436/16
f 18/438/18 366/408/366 373/415/373 17/437/17
f 19/439/19 359/401/359 366/408/366 18/438/18
f 20/440/20 352/394/352 359/401/359 19/439/19
f 21/441/21 345/382/345 352/394/352 20/440/20
f 22/428/22 338/379/338 345/382/345 21/441/21
o 立方体
v -0.350665 -1.035136 0.740238
v -0.287085 -0.665717 0.702162
v -0.350665 -1.035136 0.320233
v -0.287085 -0.665717 0.358309
v 0.350665 -1.035136 0.740238
v 0.287085 -0.665717 0.702162
v 0.350665 -1.035136 0.320233
v 0.287085 -0.665717 0.358309
v -0.446360 -0.908693 0.797547
v -0.446360 -0.908692 0.262924
v 0.446360 -0.908692 0.262924
v 0.446360 -0.908692 0.797547
v -0.375294 -1.037005 0.354316
v -0.401815 -1.039017 0.405641
v -0.420542 -1.040438 0.465806
v -0.427508 -1.040967 0.530235
v -0.420543 -1.040438 0.594664
v -0.401815 -1.039017 0.654830
v -0.375294 -1.037004 0.706154
v -0.437298 -0.876005 0.792120
v -0.425525 -0.840638 0.785069
v -0.410314 -0.804285 0.775960
v -0.390942 -0.768635 0.764359
v -0.367034 -0.735327 0.750041
v -0.339626 -0.705775 0.733627
v -0.310691 -0.681484 0.716299
v -0.305350 -0.658938 0.673904
v -0.324834 -0.651637 0.631752
v -0.338450 -0.646482 0.582657
v -0.343471 -0.644565 0.530235
v -0.338450 -0.646482 0.477813
v -0.324834 -0.651637 0.428718
v -0.305350 -0.658938 0.386566
v -0.453043 -0.937331 0.258922
v -0.456110 -0.961830 0.257085
v -0.453932 -0.982420 0.258389
v -0.444882 -0.999332 0.263809
v -0.427872 -1.012811 0.273996
v -0.403987 -1.023164 0.288300
v -0.375566 -1.030673 0.305320
v 0.293752 -1.037004 0.305483
v 0.208050 -1.039017 0.289600
v 0.107585 -1.040438 0.278385
v -0.000000 -1.040967 0.274213
v -0.107585 -1.040438 0.278385
v -0.208050 -1.039017 0.289600
v -0.293752 -1.037004 0.305483
v -0.239900 -0.658938 0.347371
v -0.169514 -0.651637 0.335702
v -0.087535 -0.646482 0.327548
v 0.000000 -0.644565 0.324541
v 0.087535 -0.646482 0.327548
v 0.169514 -0.651637 0.335702
v 0.239900 -0.658938 0.347371
v 0.453043 -0.937331 0.258922
v 0.456110 -0.961830 0.257085
v 0.453932 -0.982420 0.258389
v 0.444882 -0.999332 0.263809
v 0.427872 -1.012811 0.273996
v 0.403987 -1.023164 0.288300
v 0.375566 -1.030673 0.305320
v 0.375294 -1.037004 0.706154
v 0.401815 -1.039017 0.654830
v 0.420543 -1.040438 0.594664
v 0.427508 -1.040967 0.530235
v 0.420543 -1.040438 0.465806
v 0.401815 -1.039017 0.405641
v 0.375294 -1.037004 0.354316
v 0.305350 -0.658938 0.386566
v 0.324834 -0.651637 0.428718
v 0.338450 -0.646482 0.477813
v 0.343471 -0.644565 0.530235
v 0.338450 -0.646482 0.582657
v 0.324834 -0.651637 0.631752
v 0.305350 -0.658938 0.673904
v 0.453043 -0.937331 0.801549
v 0.456110 -0.961830 0.803386
v 0.453932 -0.982420 0.802082
v 0.444882 -0.999332 0.796661
v 0.427872 -1.012811 0.786475
v 0.403987 -1.023164 0.772171
v 0.375566 -1.030673 0.755150
v -0.293752 -1.037004 0.754988
v -0.208050 -1.039017 0.770870
v -0.107585 -1.040438 0.782085
v 0.000000 -1.040967 0.786257
v 0.107585 -1.040438 0.782086
v 0.208050 -1.039017 0.770870
v 0.293752 -1.037004 0.754988
v 0.239900 -0.658938 0.713100
v 0.169514 -0.651637 0.724769
v 0.087535 -0.646482 0.732923
v 0.000000 -0.644565 0.735930
v -0.087535 -0.646482 0.732923
v -0.169514 -0.651637 0.724769
v -0.239900 -0.658938 0.713100
v -0.375566 -1.030673 0.755150
v -0.403987 -1.023164 0.772171
v -0.427872 -1.012811 0.786475
v -0.444882 -0.999332 0.796662
v -0.453932 -0.982420 0.802082
v -0.456110 -0.961830 0.803386
v -0.453043 -0.937331 0.801549
v -0.310691 -0.681484 0.344172
v -0.339626 -0.705775 0.326843
v -0.367034 -0.735327 0.310429
v -0.390942 -0.768635 0.296112
v -0.410314 -0.804285 0.284511
v -0.425525 -0.840638 0.275401
v -0.437298 -0.876005 0.268351
v 0.310691 -0.681484 0.344172
v 0.339626 -0.705775 0.326843
v 0.367034 -0.735327 0.310429
v 0.390942 -0.768635 0.296112
v 0.410314 -0.804285 0.284511
v 0.425525 -0.840638 0.275401
v 0.437298 -0.876005 0.268351
v 0.310691 -0.681484 0.716299
v 0.339626 -0.705775 0.733627
v 0.367034 -0.735327 0.750041
v 0.390942 -0.768635 0.764359
v 0.410314 -0.804285 0.775960
v 0.425525 -0.840638 0.785069
v 0.437298 -0.876005 0.792120
v 0.353078 -0.908692 0.841403
v 0.244103 -0.908693 0.872728
v 0.124667 -0.908692 0.891524
v -0.000000 -0.908692 0.897789
v -0.124667 -0.908693 0.891524
v -0.244103 -0.908693 0.872728
v -0.353078 -0.908693 0.841403
v 0.519591 -0.908692 0.318788
v 0.571899 -0.908693 0.384049
v 0.603284 -0.908692 0.455576
v 0.613745 -0.908692 0.530235
v 0.603284 -0.908692 0.604895
v 0.571899 -0.908693 0.676421
v 0.519591 -0.908693 0.741683
v -0.353078 -0.908692 0.219068
v -0.244103 -0.908693 0.187742
v -0.124667 -0.908692 0.168947
v -0.000000 -0.908692 0.162682
v 0.124667 -0.908692 0.168947
v 0.244103 -0.908693 0.187742
v 0.353078 -0.908693 0.219068
v -0.519591 -0.908692 0.741683
v -0.571899 -0.908692 0.676421
v -0.603284 -0.908692 0.604895
v -0.613745 -0.908692 0.530235
v -0.603284 -0.908692 0.455576
v -0.571899 -0.908693 0.384049
v -0.519591 -0.908693 0.318788
v -0.509038 -0.876000 0.737392
v -0.495303 -0.840597 0.731824
v -0.477514 -0.804147 0.724643
v -0.454802 -0.768309 0.715515
v -0.426483 -0.734670 0.704361
v -0.392615 -0.704511 0.692131
v -0.353076 -0.678987 0.680539
v -0.560279 -0.875988 0.673455
v -0.545127 -0.840508 0.669610
v -0.525457 -0.803845 0.664657
v -0.500283 -0.767593 0.658368
v -0.468647 -0.733243 0.650748
v -0.429715 -0.701878 0.642727
v -0.382441 -0.674430 0.635672
v -0.591022 -0.875977 0.603380
v -0.575012 -0.840418 0.601417
v -0.554190 -0.803542 0.598891
v -0.527492 -0.766876 0.595686
v -0.493824 -0.731846 0.591822
v -0.451967 -0.699489 0.587862
v -0.400642 -0.670732 0.584533
v -0.601270 -0.875972 0.530235
v -0.584971 -0.840377 0.530235
v -0.563757 -0.803405 0.530235
v -0.536538 -0.766550 0.530235
v -0.502185 -0.731220 0.530235
v -0.459428 -0.698469 0.530235
v -0.406959 -0.669262 0.530235
v -0.591022 -0.875977 0.457091
v -0.575012 -0.840418 0.459053
v -0.554190 -0.803542 0.461580
v -0.527492 -0.766876 0.464785
v -0.493824 -0.731846 0.468649
v -0.451967 -0.699489 0.472608
v -0.400642 -0.670732 0.475938
v -0.560279 -0.875988 0.387016
v -0.545127 -0.840508 0.390861
v -0.525457 -0.803845 0.395814
v -0.500283 -0.767593 0.402102
v -0.468647 -0.733243 0.409723
v -0.429715 -0.701878 0.417743
v -0.382441 -0.674430 0.424799
v -0.509038 -0.876000 0.323079
v -0.495303 -0.840597 0.328647
v -0.477514 -0.804147 0.335827
v -0.454802 -0.768309 0.344955
v -0.426483 -0.734670 0.356109
v -0.392615 -0.704511 0.368340
v -0.353076 -0.678987 0.379932
v -0.345912 -0.876000 0.225388
v -0.336614 -0.840597 0.233614
v -0.324625 -0.804147 0.244267
v -0.309383 -0.768309 0.257868
v -0.290758 -0.734670 0.274828
v -0.270335 -0.704511 0.295110
v -0.250978 -0.678987 0.318789
v -0.239150 -0.875988 0.194701
v -0.232729 -0.840508 0.203775
v -0.224459 -0.803845 0.215555
v -0.213958 -0.767593 0.230631
v -0.201233 -0.733243 0.249577
v -0.187840 -0.701878 0.272892
v -0.176059 -0.674430 0.301203
v -0.122138 -0.875977 0.176290
v -0.118860 -0.840418 0.185878
v -0.114642 -0.803542 0.198348
v -0.109290 -0.766876 0.214336
v -0.102838 -0.731846 0.234499
v -0.096227 -0.699489 0.259566
v -0.090666 -0.670732 0.290303
v 0.000000 -0.875972 0.170153
v 0.000000 -0.840377 0.179914
v 0.000000 -0.803405 0.192618
v -0.000000 -0.766550 0.208919
v -0.000000 -0.731220 0.229492
v -0.000000 -0.698469 0.255098
v -0.000000 -0.669262 0.286520
v 0.122138 -0.875977 0.176290
v 0.118860 -0.840418 0.185878
v 0.114642 -0.803542 0.198348
v 0.109290 -0.766876 0.214336
v 0.102838 -0.731846 0.234499
v 0.096227 -0.699489 0.259566
v 0.090666 -0.670732 0.290303
v 0.239150 -0.875988 0.194701
v 0.232729 -0.840508 0.203775
v 0.224459 -0.803845 0.215555
v 0.213958 -0.767593 0.230631
v 0.201233 -0.733243 0.249577
v 0.187840 -0.701878 0.272892
v 0.176059 -0.674430 0.301203
v 0.345912 -0.876000 0.225388
v 0.336614 -0.840597 0.233614
v 0.324625 -0.804147 0.244267
v 0.309383 -0.768309 0.257868
v 0.290758 -0.734670 0.274828
v 0.270335 -0.704511 0.295110
v 0.250978 -0.678987 0.318789
v 0.509038 -0.876000 0.323079
v 0.495302 -0.840597 0.328647
v 0.477514 -0.804147 0.335827
v 0.454802 -0.768309 0.344955
v 0.426483 -0.734670 0.356109
v 0.392615 -0.704511 0.368340
v 0.353076 -0.678987 0.379932
v 0.560279 -0.875988 0.387016
v 0.545127 -0.840508 0.390861
v 0.525457 -0.803845 0.395814
v 0.500283 -0.767593 0.402102
v 0.468647 -0.733243 0.409723
v 0.429715 -0.701878 0.417743
v 0.382441 -0.674430 0.424799
v 0.591022 -0.875977 0.457091
v 0.575012 -0.840418 0.459053
v 0.554190 -0.803542 0.461580
v 0.527492 -0.766876 0.464785
v 0.493824 -0.731846 0.468649
v 0.451967 -0.699489 0.472608
v 0.400642 -0.670732 0.475938
v 0.601270 -0.875972 0.530235
v 0.584971 -0.840377 0.530235
v 0.563757 -0.803405 0.530235
v 0.536538 -0.766550 0.530235
v 0.502185 -0.731220 0.530235
v 0.459428 -0.698469 0.530235
v 0.406959 -0.669262 0.530235
v 0.591022 -0.875977 0.603380
v 0.575012 -0.840418 0.601417
v 0.554190 -0.803542 0.598891
v 0.527492 -0.766876 0.595686
v 0.493824 -0.731846 0.591822
v 0.451967 -0.699489 0.587862
v 0.400642 -0.670732 0.584533
v 0.560279 -0.875988 0.673455
v 0.545127 -0.840508 0.669610
v 0.525457 -0.803845 0.664657
v 0.500283 -0.767593 0.658368
v 0.468647 -0.733243 0.650748
v 0.429715 -0.701878 0.642727
v 0.382441 -0.674430 0.635672
v 0.509038 -0.876000 0.737392
v 0.495303 -0.840597 0.731824
v 0.477514 -0.804147 0.724643
v 0.454802 -0.768309 0.715515
v 0.426483 -0.734670 0.704361
v 0.392615 -0.704511 0.692131
v 0.353076 -0.678987 0.680539
v 0.345912 -0.876000 0.835083
v 0.336614 -0.840597 0.826857
v 0.324625 -0.804147 0.816204
v 0.309383 -0.768309 0.802602
v 0.290758 -0.734670 0.785643
v 0.270335 -0.704511 0.765361
v 0.250978 -0.678987 0.741682
v 0.239150 -0.875988 0.865769
v 0.232729 -0.840508 0.856695
v 0.224459 -0.803845 0.844916
v 0.213958 -0.767593 0.829839
v 0.201233 -0.733243 0.810894
v 0.187840 -0.701878 0.787578
v 0.176059 -0.674430 0.759267
v 0.122138 -0.875977 0.884181
v 0.118860 -0.840418 0.874593
v 0.114642 -0.803542 0.862123
v 0.109290 -0.766876 0.846134
v 0.102838 -0.731846 0.825971
v 0.096227 -0.699489 0.800905
v 0.090666 -0.670732 0.770168
v -0.000000 -0.875972 0.890317
v -0.000000 -0.840377 0.880556
v -0.000000 -0.803405 0.867852
v 0.000000 -0.766550 0.851551
v 0.000000 -0.731220 0.830979
v 0.000000 -0.698469 0.805373
v 0.000000 -0.669262 0.773951
v -0.122138 -0.875977 0.884181
v -0.118860 -0.840418 0.874593
v -0.114642 -0.803542 0.862123
v -0.109290 -0.766876 0.846134
v -0.102838 -0.731846 0.825971
v -0.096227 -0.699489 0.800905
v -0.090666 -0.670732 0.770168
v -0.239150 -0.875988 0.865769
v -0.232729 -0.840508 0.856695
v -0.224459 -0.803845 0.844916
v -0.213958 -0.767593 0.829839
v -0.201233 -0.733243 0.810894
v -0.187840 -0.701878 0.787578
v -0.176059 -0.674430 0.759268
v -0.345912 -0.876000 0.835083
v -0.336614 -0.840597 0.826857
v -0.324625 -0.804147 0.816204
v -0.309383 -0.768309 0.802602
v -0.290758 -0.734670 0.785643
v -0.270335 -0.704511 0.765361
v -0.250978 -0.678987 0.741682
v -0.302805 -1.041014 0.348894
v -0.212491 -1.043871 0.339006
v -0.109471 -1.045674 0.330985
v -0.000000 -1.046309 0.327798
v 0.109471 -1.045674 0.330985
v 0.212491 -1.043871 0.339006
v 0.302805 -1.041014 0.348894
v -0.319317 -1.043871 0.402981
v -0.221731 -1.047323 0.397448
v -0.113556 -1.049422 0.392444
v -0.000000 -1.050135 0.390314
v 0.113556 -1.049422 0.392444
v 0.221731 -1.047323 0.397448
v 0.319317 -1.043871 0.402981
v -0.332711 -1.045674 0.464676
v -0.230085 -1.049422 0.462230
v -0.117530 -1.051680 0.459850
v 0.000000 -1.052435 0.458786
v 0.117530 -1.051680 0.459850
v 0.230085 -1.049422 0.462230
v 0.332711 -1.045674 0.464676
v -0.338033 -1.046309 0.530235
v -0.233641 -1.050135 0.530235
v -0.119307 -1.052435 0.530235
v 0.000000 -1.053204 0.530235
v 0.119307 -1.052435 0.530235
v 0.233641 -1.050134 0.530235
v 0.338033 -1.046309 0.530235
v -0.332711 -1.045674 0.595794
v -0.230085 -1.049422 0.598241
v -0.117530 -1.051680 0.600621
v 0.000000 -1.052435 0.601684
v 0.117530 -1.051680 0.600621
v 0.230085 -1.049422 0.598241
v 0.332711 -1.045675 0.595794
v -0.319317 -1.043871 0.657490
v -0.221731 -1.047323 0.663023
v -0.113556 -1.049422 0.668026
v 0.000000 -1.050135 0.670156
v 0.113556 -1.049422 0.668026
v 0.221731 -1.047323 0.663023
v 0.319317 -1.043871 0.657490
v -0.302805 -1.041014 0.711576
v -0.212491 -1.043871 0.721465
v -0.109471 -1.045675 0.729486
v 0.000000 -1.046309 0.732673
v 0.109471 -1.045674 0.729486
v 0.212491 -1.043871 0.721465
v 0.302805 -1.041014 0.711576
v 0.244405 -0.644392 0.383868
v 0.170698 -0.634030 0.377234
v 0.087713 -0.627487 0.371713
v 0.000000 -0.625185 0.369505
v -0.087713 -0.627487 0.371713
v -0.170698 -0.634030 0.377234
v -0.244405 -0.644392 0.383868
v 0.255483 -0.634030 0.428010
v 0.176239 -0.621509 0.424691
v 0.089926 -0.613892 0.421434
v 0.000000 -0.611308 0.420006
v -0.089926 -0.613892 0.421434
v -0.176239 -0.621509 0.424691
v -0.255483 -0.634030 0.428010
v 0.264703 -0.627487 0.477706
v 0.181677 -0.613892 0.476381
v 0.092405 -0.605703 0.474897
v 0.000000 -0.602961 0.474198
v -0.092405 -0.605703 0.474897
v -0.181677 -0.613892 0.476381
v -0.264703 -0.627487 0.477706
v 0.268389 -0.625185 0.530235
v 0.184062 -0.611308 0.530235
v 0.093572 -0.602961 0.530235
v -0.000000 -0.600173 0.530235
v -0.093572 -0.602961 0.530235
v -0.184062 -0.611308 0.530235
v -0.268389 -0.625185 0.530235
v 0.264703 -0.627487 0.582764
v 0.181677 -0.613892 0.584089
v 0.092405 -0.605703 0.585574
v -0.000000 -0.602961 0.586272
v -0.092405 -0.605703 0.585574
v -0.181677 -0.613892 0.584089
v -0.264703 -0.627487 0.582764
v 0.255483 -0.634030 0.632461
v 0.176239 -0.621509 0.635779
v 0.089926 -0.613892 0.639036
v -0.000000 -0.611308 0.640464
v -0.089926 -0.613892 0.639036
v -0.176239 -0.621509 0.635779
v -0.255483 -0.634030 0.632461
v 0.244405 -0.644392 0.676602
v 0.170698 -0.634030 0.683236
v 0.087713 -0.627487 0.688758
v -0.000000 -0.625185 0.690965
v -0.087713 -0.627487 0.688758
v -0.170698 -0.634030 0.683236
v -0.244405 -0.644392 0.676602
v 0.303021 -1.031362 0.786820
v 0.321043 -1.023512 0.810679
v 0.338537 -1.012992 0.828486
v 0.351842 -0.999421 0.840451
v 0.359039 -0.982458 0.846714
v 0.360782 -0.961841 0.848209
v 0.358363 -0.937332 0.846063
v 0.212640 -1.032618 0.809380
v 0.222928 -1.024238 0.838060
v 0.234126 -1.013385 0.858536
v 0.243219 -0.999619 0.871766
v 0.248212 -0.982541 0.878611
v 0.249425 -0.961866 0.880231
v 0.247757 -0.937335 0.877859
v 0.109548 -1.033637 0.823626
v 0.114169 -1.024897 0.854712
v 0.119598 -1.013770 0.876629
v 0.124207 -0.999817 0.890578
v 0.126762 -0.982624 0.897758
v 0.127384 -0.961890 0.899446
v 0.126533 -0.937338 0.896937
v -0.000000 -1.034042 0.828637
v -0.000000 -1.025178 0.860360
v -0.000000 -1.013943 0.882682
v 0.000000 -0.999906 0.896855
v -0.000000 -0.982662 0.904144
v -0.000000 -0.961902 0.905852
v -0.000000 -0.937340 0.903296
v -0.109548 -1.033637 0.823626
v -0.114169 -1.024897 0.854712
v -0.119598 -1.013770 0.876629
v -0.124207 -0.999817 0.890578
v -0.126762 -0.982624 0.897758
v -0.127384 -0.961890 0.899446
v -0.126533 -0.937338 0.896937
v -0.212640 -1.032618 0.809380
v -0.222928 -1.024238 0.838060
v -0.234126 -1.013385 0.858536
v -0.243219 -0.999619 0.871766
v -0.248212 -0.982541 0.878611
v -0.249426 -0.961866 0.880231
v -0.247757 -0.937335 0.877859
v -0.303021 -1.031362 0.786820
v -0.321043 -1.023512 0.810679
v -0.338537 -1.012992 0.828486
v -0.351842 -0.999421 0.840451
v -0.359039 -0.982458 0.846715
v -0.360782 -0.961841 0.848209
v -0.358363 -0.937332 0.846063
v 0.428449 -1.031362 0.348765
v 0.468288 -1.023512 0.337972
v 0.498023 -1.012992 0.327496
v 0.518001 -0.999421 0.319528
v 0.528461 -0.982458 0.315217
v 0.530957 -0.961841 0.314174
v 0.527372 -0.937332 0.315623
v 0.466120 -1.032618 0.402891
v 0.514009 -1.024238 0.396731
v 0.548201 -1.013385 0.390025
v 0.570292 -0.999619 0.384579
v 0.581722 -0.982541 0.381589
v 0.584427 -0.961866 0.380862
v 0.580465 -0.937335 0.381861
v 0.489907 -1.033637 0.464630
v 0.541815 -1.024897 0.461863
v 0.578412 -1.013770 0.458612
v 0.601704 -0.999817 0.455852
v 0.613695 -0.982624 0.454321
v 0.616513 -0.961890 0.453949
v 0.612322 -0.937338 0.454459
v 0.498275 -1.034042 0.530235
v 0.551247 -1.025178 0.530235
v 0.588520 -1.013943 0.530235
v 0.612186 -0.999906 0.530235
v 0.624357 -0.982662 0.530235
v 0.627210 -0.961902 0.530235
v 0.622941 -0.937340 0.530235
v 0.489907 -1.033637 0.595840
v 0.541815 -1.024897 0.598607
v 0.578412 -1.013770 0.601859
v 0.601704 -0.999817 0.604619
v 0.613695 -0.982624 0.606149
v 0.616513 -0.961890 0.606522
v 0.612322 -0.937338 0.606012
v 0.466120 -1.032618 0.657579
v 0.514009 -1.024238 0.663740
v 0.548201 -1.013385 0.670446
v 0.570292 -0.999619 0.675892
v 0.581722 -0.982541 0.678882
v 0.584427 -0.961866 0.679609
v 0.580466 -0.937335 0.678609
v 0.428449 -1.031362 0.711706
v 0.468288 -1.023512 0.722498
v 0.498023 -1.012992 0.732975
v 0.518001 -0.999421 0.740943
v 0.528461 -0.982458 0.745253
v 0.530957 -0.961841 0.746296
v 0.527372 -0.937332 0.744848
v -0.303021 -1.031362 0.273650
v -0.321043 -1.023512 0.249792
v -0.338537 -1.012992 0.231984
v -0.351842 -0.999421 0.220020
v -0.359039 -0.982458 0.213756
v -0.360782 -0.961841 0.212261
v -0.358363 -0.937332 0.214408
v -0.212640 -1.032618 0.251090
v -0.222928 -1.024238 0.222411
v -0.234126 -1.013385 0.201934
v -0.243219 -0.999619 0.188704
v -0.248212 -0.982541 0.181859
v -0.249425 -0.961866 0.180240
v -0.247757 -0.937335 0.182612
v -0.109548 -1.033637 0.236845
v -0.114169 -1.024897 0.205759
v -0.119598 -1.013770 0.183842
v -0.124207 -0.999817 0.169893
v -0.126762 -0.982624 0.162712
v -0.127384 -0.961890 0.161024
v -0.126533 -0.937338 0.163534
v 0.000000 -1.034042 0.231834
v 0.000000 -1.025178 0.200110
v 0.000000 -1.013943 0.177789
v -0.000000 -0.999906 0.163616
v -0.000000 -0.982662 0.156327
v -0.000000 -0.961902 0.154618
v 0.000000 -0.937340 0.157175
v 0.109548 -1.033637 0.236845
v 0.114169 -1.024897 0.205759
v 0.119598 -1.013770 0.183842
v 0.124207 -0.999817 0.169893
v 0.126762 -0.982624 0.162712
v 0.127384 -0.961890 0.161024
v 0.126533 -0.937338 0.163534
v 0.212640 -1.032618 0.251090
v 0.222928 -1.024238 0.222411
v 0.234126 -1.013385 0.201934
v 0.243219 -0.999619 0.188704
v 0.248212 -0.982541 0.181860
v 0.249426 -0.961866 0.180240
v 0.247757 -0.937335 0.182612
v 0.303021 -1.031362 0.273650
v 0.321043 -1.023512 0.249792
v 0.338537 -1.012992 0.231984
v 0.351842 -0.999421 0.220020
v 0.359039 -0.982458 0.213756
v 0.360782 -0.961841 0.212261
v 0.358363 -0.937332 0.214408
v -0.428449 -1.031362 0.711706
v -0.468288 -1.023512 0.722498
v -0.498023 -1.012992 0.732975
v -0.518001 -0.999421 0.740943
v -0.528461 -0.982458 0.745253
v -0.530957 -0.961841 0.746296
v -0.527372 -0.937332 0.744848
v -0.466120 -1.032618 0.657579
v -0.514009 -1.024238 0.663740
v -0.548201 -1.013385 0.670446
v -0.570292 -0.999619 0.675892
v -0.581722 -0.982541 0.678882
v -0.584427 -0.961866 0.679609
v -0.580465 -0.937335 0.678609
v -0.489907 -1.033637 0.595840
v -0.541815 -1.024897 0.598607
v -0.578412 -1.013770 0.601859
v -0.601704 -0.999817 0.604619
v -0.613694 -0.982624 0.606149
v -0.616513 -0.961890 0.606522
v -0.612322 -0.937338 0.606012
v -0.498275 -1.034042 0.530235
v -0.551247 -1.025178 0.530235
v -0.588520 -1.013943 0.530235
v -0.612186 -0.999906 0.530235
v -0.624357 -0.982662 0.530235
v -0.627210 -0.961902 0.530235
v -0.622941 -0.937340 0.530235
v -0.489907 -1.033637 0.464630
v -0.541815 -1.024897 0.461863
v -0.578412 -1.013770 0.458612
v -0.601704 -0.999817 0.455852
v -0.613695 -0.982624 0.454321
v -0.616513 -0.961890 0.453949
v -0.612322 -0.937338 0.454459
v -0.466120 -1.032618 0.402891
v -0.514009 -1.024238 0.396731
v -0.548201 -1.013385 0.390025
v -0.570292 -0.999619 0.384579
v -0.581722 -0.982541 0.381589
v -0.584427 -0.961866 0.380862
v -0.580466 -0.937335 0.381861
v -0.428449 -1.031362 0.348765
v -0.468288 -1.023512 0.337972
v -0.498023 -1.012992 0.327496
v -0.518001 -0.999421 0.319528
v -0.528461 -0.982458 0.315217
v -0.530957 -0.961841 0.314174
v -0.527372 -0.937332 0.315623
vn -0.0760 -0.9890 0.1268
vn -0.2580 0.8648 0.4308
vn -0.0760 -0.9890 -0.1268
vn -0.2580 0.8648 -0.4308
vn 0.0760 -0.9890 0.1268
vn 0.2580 0.8648 0.4308
vn 0.0760 -0.9890 -0.1268
vn 0.2580 0.8648 -0.4308
vn -0.4970 0.2535 0.8299
vn -0.4970 0.2535 -0.8299
vn 0.4970 0.2535 -0.8299
vn 0.4970 0.2535 0.8299
vn -0.0782 -0.9923 -0.0959
vn -0.0785 -0.9949 -0.0635
vn -0.0789 -0.9964 -0.0322
vn -0.0790 -0.9969 -0.0000
vn -0.0789 -0.9964 0.0322
vn -0.0785 -0.9949 0.0635
vn -0.0782 -0.9923 0.0959
vn -0.4903 0.2988 0.8187
vn -0.4795 0.3594 0.8006
vn -0.4610 0.4415 0.7698
vn -0.4321 0.5410 0.7215
vn -0.3939 0.6421 0.6577
vn -0.3495 0.7329 0.5836
vn -0.3021 0.8089 0.5044
vn -0.2749 0.9002 0.3378
vn -0.2893 0.9284 0.2330
vn -0.2989 0.9466 0.1208
vn -0.3023 0.9532 -0.0000
vn -0.2989 0.9466 -0.1208
vn -0.2893 0.9284 -0.2330
vn -0.2749 0.9002 -0.3378
vn -0.5053 0.1807 -0.8438
vn -0.5138 0.0102 -0.8579
vn -0.4891 -0.3065 -0.8166
vn -0.3847 -0.6628 -0.6424
vn -0.2562 -0.8668 -0.4278
vn -0.1642 -0.9475 -0.2742
vn -0.1077 -0.9778 -0.1799
vn 0.0573 -0.9898 -0.1303
vn 0.0379 -0.9907 -0.1306
vn 0.0192 -0.9912 -0.1310
vn -0.0000 -0.9914 -0.1312
vn -0.0192 -0.9912 -0.1310
vn -0.0379 -0.9907 -0.1306
vn -0.0573 -0.9898 -0.1303
vn -0.1963 0.8735 -0.4454
vn -0.1321 0.8793 -0.4576
vn -0.0674 0.8826 -0.4653
vn -0.0000 0.8837 -0.4680
vn 0.0674 0.8826 -0.4653
vn 0.1321 0.8793 -0.4576
vn 0.1963 0.8735 -0.4454
vn 0.5053 0.1807 -0.8438
vn 0.5138 0.0102 -0.8579
vn 0.4891 -0.3065 -0.8166
vn 0.3847 -0.6628 -0.6424
vn 0.2562 -0.8668 -0.4278
vn 0.1642 -0.9475 -0.2742
vn 0.1077 -0.9778 -0.1799
vn 0.0782 -0.9923 0.0959
vn 0.0785 -0.9949 0.0635
vn 0.0789 -0.9964 0.0322
vn 0.0790 -0.9969 -0.0000
vn 0.0789 -0.9964 -0.0322
vn 0.0785 -0.9949 -0.0635
vn 0.0782 -0.9923 -0.0959
vn 0.2749 0.9002 -0.3378
vn 0.2893 0.9284 -0.2330
vn 0.2989 0.9466 -0.1208
vn 0.3023 0.9532 -0.0000
vn 0.2989 0.9466 0.1208
vn 0.2893 0.9284 0.2330
vn 0.2749 0.9002 0.3378
vn 0.5053 0.1807 0.8438
vn 0.5138 0.0102 0.8579
vn 0.4891 -0.3065 0.8166
vn 0.3847 -0.6628 0.6424
vn 0.2562 -0.8668 0.4278
vn 0.1642 -0.9475 0.2742
vn 0.1077 -0.9778 0.1799
vn -0.0573 -0.9898 0.1303
vn -0.0379 -0.9907 0.1306
vn -0.0192 -0.9912 0.1310
vn -0.0000 -0.9914 0.1312
vn 0.0192 -0.9912 0.1310
vn 0.0379 -0.9907 0.1306
vn 0.0573 -0.9898 0.1303
vn 0.1963 0.8735 0.4454
vn 0.1321 0.8793 0.4576
vn 0.0674 0.8826 0.4653
vn -0.0000 0.8837 0.4680
vn -0.0674 0.8826 0.4653
vn -0.1321 0.8793 0.4576
vn -0.1963 0.8735 0.4454
vn -0.1077 -0.9778 0.1799
vn -0.1642 -0.9475 0.2742
vn -0.2562 -0.8668 0.4278
vn -0.3847 -0.6628 0.6424
vn -0.4891 -0.3065 0.8166
vn -0.5138 0.0102 0.8579
vn -0.5053 0.1807 0.8438
vn -0.3021 0.8089 -0.5044
vn -0.3495 0.7329 -0.5836
vn -0.3939 0.6421 -0.6577
vn -0.4321 0.5410 -0.7215
vn -0.4610 0.4415 -0.7698
vn -0.4795 0.3594 -0.8006
vn -0.4903 0.2988 -0.8187
vn 0.3021 0.8089 -0.5044
vn 0.3495 0.7329 -0.5836
vn 0.3939 0.6421 -0.6577
vn 0.4321 0.5410 -0.7215
vn 0.4610 0.4415 -0.7698
vn 0.4795 0.3594 -0.8006
vn 0.4903 0.2988 -0.8187
vn 0.3021 0.8089 0.5044
vn 0.3495 0.7329 0.5836
vn 0.3939 0.6421 0.6577
vn 0.4321 0.5410 0.7215
vn 0.4610 0.4415 0.7698
vn 0.4795 0.3594 0.8006
vn 0.4903 0.2988 0.8187
vn 0.3397 0.2307 0.9118
vn 0.2099 0.2160 0.9536
vn 0.1002 0.2081 0.9730
vn -0.0000 0.2057 0.9786
vn -0.1002 0.2081 0.9730
vn -0.2099 0.2160 0.9536
vn -0.3397 0.2307 0.9118
vn 0.6655 0.2812 -0.6914
vn 0.8112 0.3068 -0.4979
vn 0.9091 0.3247 -0.2611
vn 0.9436 0.3311 -0.0000
vn 0.9091 0.3247 0.2611
vn 0.8112 0.3068 0.4979
vn 0.6655 0.2812 0.6914
vn -0.3397 0.2307 -0.9118
vn -0.2099 0.2160 -0.9536
vn -0.1002 0.2081 -0.9730
vn -0.0000 0.2057 -0.9786
vn 0.1002 0.2081 -0.9730
vn 0.2099 0.2160 -0.9536
vn 0.3397 0.2307 -0.9118
vn -0.6655 0.2812 0.6914
vn -0.8112 0.3068 0.4979
vn -0.9091 0.3247 0.2611
vn -0.9436 0.3311 -0.0000
vn -0.9091 0.3247 -0.2611
vn -0.8112 0.3068 -0.4979
vn -0.6655 0.2812 -0.6914
vn -0.6546 0.3304 0.6800
vn -0.6369 0.3954 0.6618
vn -0.6073 0.4816 0.6319
vn -0.5618 0.5831 0.5869
vn -0.5028 0.6836 0.5290
vn -0.4350 0.7720 0.4635
vn -0.3611 0.8453 0.3938
vn -0.7953 0.3593 0.4882
vn -0.7702 0.4279 0.4730
vn -0.7291 0.5167 0.4488
vn -0.6677 0.6186 0.4141
vn -0.5879 0.7193 0.3700
vn -0.4951 0.8076 0.3203
vn -0.3930 0.8788 0.2707
vn -0.8892 0.3795 0.2554
vn -0.8582 0.4502 0.2467
vn -0.8087 0.5400 0.2332
vn -0.7363 0.6417 0.2146
vn -0.6418 0.7427 0.1913
vn -0.5312 0.8310 0.1653
vn -0.4129 0.8999 0.1402
vn -0.9222 0.3866 -0.0000
vn -0.8889 0.4580 -0.0000
vn -0.8364 0.5482 -0.0000
vn -0.7602 0.6497 -0.0000
vn -0.6605 0.7509 -0.0000
vn -0.5436 0.8393 -0.0000
vn -0.4200 0.9075 -0.0000
vn -0.8892 0.3795 -0.2554
vn -0.8582 0.4502 -0.2467
vn -0.8087 0.5400 -0.2332
vn -0.7363 0.6417 -0.2146
vn -0.6418 0.7427 -0.1913
vn -0.5312 0.8310 -0.1653
vn -0.4129 0.8999 -0.1402
vn -0.7953 0.3593 -0.4882
vn -0.7702 0.4279 -0.4730
vn -0.7291 0.5167 -0.4488
vn -0.6677 0.6186 -0.4141
vn -0.5879 0.7193 -0.3700
vn -0.4951 0.8076 -0.3203
vn -0.3930 0.8788 -0.2707
vn -0.6546 0.3304 -0.6800
vn -0.6369 0.3954 -0.6618
vn -0.6073 0.4816 -0.6319
vn -0.5618 0.5831 -0.5869
vn -0.5028 0.6836 -0.5290
vn -0.4350 0.7720 -0.4635
vn -0.3611 0.8453 -0.3938
vn -0.3359 0.2725 -0.9016
vn -0.3298 0.3290 -0.8849
vn -0.3194 0.4065 -0.8560
vn -0.3032 0.5030 -0.8093
vn -0.2809 0.6060 -0.7442
vn -0.2533 0.7045 -0.6629
vn -0.2215 0.7939 -0.5663
vn -0.2079 0.2555 -0.9442
vn -0.2046 0.3090 -0.9288
vn -0.1992 0.3828 -0.9021
vn -0.1909 0.4762 -0.8583
vn -0.1791 0.5815 -0.7936
vn -0.1637 0.6893 -0.7057
vn -0.1462 0.7927 -0.5919
vn -0.0993 0.2464 -0.9641
vn -0.0979 0.2983 -0.9495
vn -0.0956 0.3696 -0.9243
vn -0.0923 0.4607 -0.8828
vn -0.0875 0.5674 -0.8188
vn -0.0812 0.6814 -0.7274
vn -0.0739 0.7916 -0.6065
vn -0.0000 0.2435 -0.9699
vn -0.0000 0.2949 -0.9555
vn -0.0000 0.3654 -0.9309
vn -0.0000 0.4556 -0.8902
vn -0.0000 0.5628 -0.8266
vn -0.0000 0.6789 -0.7342
vn -0.0000 0.7913 -0.6115
vn 0.0993 0.2464 -0.9641
vn 0.0979 0.2983 -0.9495
vn 0.0956 0.3696 -0.9243
vn 0.0923 0.4607 -0.8828
vn 0.0875 0.5674 -0.8188
vn 0.0812 0.6814 -0.7274
vn 0.0739 0.7916 -0.6065
vn 0.2079 0.2555 -0.9442
vn 0.2046 0.3090 -0.9288
vn 0.1992 0.3828 -0.9021
vn 0.1909 0.4762 -0.8583
vn 0.1791 0.5815 -0.7936
vn 0.1637 0.6893 -0.7057
vn 0.1462 0.7927 -0.5919
vn 0.3359 0.2725 -0.9016
vn 0.3298 0.3290 -0.8849
vn 0.3194 0.4065 -0.8560
vn 0.3032 0.5030 -0.8094
vn 0.2809 0.6060 -0.7442
vn 0.2533 0.7045 -0.6629
vn 0.2215 0.7939 -0.5663
vn 0.6546 0.3304 -0.6800
vn 0.6369 0.3954 -0.6618
vn 0.6073 0.4816 -0.6319
vn 0.5618 0.5831 -0.5869
vn 0.5028 0.6836 -0.5290
vn 0.4350 0.7720 -0.4635
vn 0.3611 0.8453 -0.3938
vn 0.7953 0.3593 -0.4882
vn 0.7702 0.4279 -0.4730
vn 0.7291 0.5167 -0.4488
vn 0.6677 0.6186 -0.4141
vn 0.5879 0.7193 -0.3700
vn 0.4951 0.8076 -0.3203
vn 0.3930 0.8788 -0.2707
vn 0.8892 0.3795 -0.2554
vn 0.8582 0.4502 -0.2467
vn 0.8087 0.5400 -0.2332
vn 0.7363 0.6417 -0.2146
vn 0.6418 0.7427 -0.1913
vn 0.5312 0.8310 -0.1653
vn 0.4129 0.8999 -0.1402
vn 0.9222 0.3866 -0.0000
vn 0.8889 0.4580 -0.0000
vn 0.8364 0.5482 -0.0000
vn 0.7602 0.6497 -0.0000
vn 0.6605 0.7509 -0.0000
vn 0.5436 0.8393 -0.0000
vn 0.4200 0.9075 -0.0000
vn 0.8892 0.3795 0.2554
vn 0.8582 0.4502 0.2467
vn 0.8087 0.5400 0.2332
vn 0.7363 0.6417 0.2146
vn 0.6418 0.7427 0.1913
vn 0.5312 0.8310 0.1653
vn 0.4129 0.8999 0.1402
vn 0.7953 0.3593 0.4882
vn 0.7702 0.4279 0.4730
vn 0.7291 0.5167 0.4488
vn 0.6677 0.6186 0.4141
vn 0.5879 0.7193 0.3700
vn 0.4951 0.8076 0.3203
vn 0.3930 0.8788 0.2707
vn 0.6546 0.3304 0.6800
vn 0.6369 0.3954 0.6618
vn 0.6073 0.4816 0.6319
vn 0.5618 0.5831 0.5869
vn 0.5028 0.6836 0.5290
vn 0.4350 0.7720 0.4635
vn 0.3611 0.8453 0.3938
vn 0.3359 0.2725 0.9016
vn 0.3298 0.3290 0.8849
vn 0.3194 0.4065 0.8560
vn 0.3032 0.5030 0.8093
vn 0.2809 0.6060 0.7442
vn 0.2533 0.7045 0.6629
vn 0.2215 0.7939 0.5663
vn 0.2079 0.2555 0.9442
vn 0.2046 0.3090 0.9288
vn 0.1992 0.3828 0.9021
vn 0.1909 0.4762 0.8583
vn 0.1791 0.5815 0.7936
vn 0.1637 0.6893 0.7057
vn 0.1462 0.7927 0.5919
vn 0.0993 0.2464 0.9641
vn 0.0979 0.2983 0.9495
vn 0.0956 0.3696 0.9243
vn 0.0923 0.4607 0.8828
vn 0.0875 0.5674 0.8188
vn 0.0812 0.6814 0.7274
vn 0.0739 0.7916 0.6065
vn -0.0000 0.2435 0.9699
vn -0.0000 0.2949 0.9555
vn -0.0000 0.3654 0.9309
vn -0.0000 0.4556 0.8902
vn -0.0000 0.5628 0.8266
vn -0.0000 0.6789 0.7342
vn -0.0000 0.7913 0.6115
vn -0.0993 0.2464 0.9641
vn -0.0979 0.2983 0.9495
vn -0.0956 0.3696 0.9243
vn -0.0923 0.4607 0.8828
vn -0.0875 0.5674 0.8188
vn -0.0812 0.6814 0.7274
vn -0.0739 0.7916 0.6065
vn -0.2079 0.2555 0.9442
vn -0.2046 0.3090 0.9288
vn -0.1992 0.3828 0.9021
vn -0.1909 0.4762 0.8583
vn -0.1791 0.5815 0.7936
vn -0.1637 0.6893 0.7057
vn -0.1462 0.7927 0.5919
vn -0.3359 0.2725 0.9016
vn -0.3298 0.3290 0.8849
vn -0.3194 0.4065 0.8560
vn -0.3032 0.5030 0.8093
vn -0.2809 0.6060 0.7442
vn -0.2533 0.7045 0.6629
vn -0.2215 0.7939 0.5663
vn -0.0503 -0.9952 -0.0839
vn -0.0320 -0.9961 -0.0822
vn -0.0159 -0.9966 -0.0811
vn -0.0000 -0.9967 -0.0808
vn 0.0159 -0.9966 -0.0811
vn 0.0320 -0.9961 -0.0822
vn 0.0503 -0.9952 -0.0839
vn -0.0493 -0.9973 -0.0536
vn -0.0299 -0.9983 -0.0499
vn -0.0144 -0.9987 -0.0482
vn -0.0000 -0.9989 -0.0477
vn 0.0144 -0.9987 -0.0482
vn 0.0299 -0.9983 -0.0499
vn 0.0493 -0.9973 -0.0536
vn -0.0487 -0.9985 -0.0266
vn -0.0289 -0.9993 -0.0240
vn -0.0136 -0.9996 -0.0228
vn -0.0000 -0.9997 -0.0224
vn 0.0136 -0.9996 -0.0228
vn 0.0289 -0.9993 -0.0240
vn 0.0487 -0.9985 -0.0266
vn -0.0485 -0.9988 -0.0000
vn -0.0286 -0.9996 -0.0000
vn -0.0134 -0.9999 -0.0000
vn -0.0000 -1.0000 -0.0000
vn 0.0134 -0.9999 -0.0000
vn 0.0286 -0.9996 -0.0000
vn 0.0485 -0.9988 -0.0000
vn -0.0487 -0.9985 0.0266
vn -0.0289 -0.9993 0.0240
vn -0.0136 -0.9996 0.0228
vn -0.0000 -0.9997 0.0224
vn 0.0136 -0.9996 0.0228
vn 0.0289 -0.9993 0.0240
vn 0.0487 -0.9985 0.0266
vn -0.0493 -0.9973 0.0536
vn -0.0299 -0.9983 0.0499
vn -0.0144 -0.9987 0.0482
vn -0.0000 -0.9989 0.0477
vn 0.0144 -0.9987 0.0482
vn 0.0299 -0.9983 0.0499
vn 0.0493 -0.9973 0.0536
vn -0.0503 -0.9952 0.0839
vn -0.0320 -0.9961 0.0822
vn -0.0159 -0.9966 0.0811
vn -0.0000 -0.9967 0.0808
vn 0.0159 -0.9966 0.0811
vn 0.0320 -0.9961 0.0822
vn 0.0503 -0.9952 0.0839
vn 0.1931 0.9267 -0.3225
vn 0.1263 0.9370 -0.3256
vn 0.0635 0.9426 -0.3279
vn -0.0000 0.9444 -0.3288
vn -0.0635 0.9426 -0.3279
vn -0.1263 0.9370 -0.3256
vn -0.1931 0.9267 -0.3225
vn 0.1990 0.9561 -0.2152
vn 0.1257 0.9696 -0.2099
vn 0.0617 0.9761 -0.2083
vn -0.0000 0.9782 -0.2078
vn -0.0617 0.9761 -0.2083
vn -0.1257 0.9696 -0.2099
vn -0.1990 0.9561 -0.2152
vn 0.2027 0.9731 -0.1095
vn 0.1261 0.9865 -0.1042
vn 0.0608 0.9930 -0.1016
vn -0.0000 0.9949 -0.1008
vn -0.0608 0.9930 -0.1016
vn -0.1261 0.9865 -0.1042
vn -0.2027 0.9731 -0.1095
vn 0.2041 0.9790 -0.0000
vn 0.1262 0.9920 -0.0000
vn 0.0606 0.9982 -0.0000
vn -0.0000 1.0000 -0.0000
vn -0.0606 0.9982 -0.0000
vn -0.1262 0.9920 -0.0000
vn -0.2041 0.9790 -0.0000
vn 0.2027 0.9731 0.1095
vn 0.1261 0.9865 0.1042
vn 0.0608 0.9930 0.1016
vn -0.0000 0.9949 0.1008
vn -0.0608 0.9930 0.1016
vn -0.1261 0.9865 0.1042
vn -0.2027 0.9731 0.1095
vn 0.1990 0.9561 0.2152
vn 0.1257 0.9696 0.2099
vn 0.0617 0.9761 0.2083
vn -0.0000 0.9782 0.2078
vn -0.0617 0.9761 0.2083
vn -0.1257 0.9696 0.2099
vn -0.1990 0.9561 0.2152
vn 0.1931 0.9267 0.3225
vn 0.1263 0.9370 0.3256
vn 0.0635 0.9426 0.3279
vn -0.0000 0.9444 0.3288
vn -0.0635 0.9426 0.3279
vn -0.1263 0.9370 0.3256
vn -0.1931 0.9267 0.3225
vn 0.0797 -0.9758 0.2038
vn 0.1218 -0.9395 0.3201
vn 0.1881 -0.8454 0.5000
vn 0.2739 -0.6246 0.7314
vn 0.3360 -0.2786 0.8997
vn 0.3493 0.0096 0.9369
vn 0.3445 0.1641 0.9244
vn 0.0521 -0.9760 0.2113
vn 0.0792 -0.9357 0.3438
vn 0.1221 -0.8301 0.5441
vn 0.1743 -0.5954 0.7843
vn 0.2085 -0.2584 0.9433
vn 0.2152 0.0099 0.9765
vn 0.2125 0.1535 0.9650
vn 0.0262 -0.9762 0.2151
vn 0.0394 -0.9338 0.3557
vn 0.0603 -0.8208 0.5681
vn 0.0848 -0.5771 0.8122
vn 0.0998 -0.2462 0.9641
vn 0.1026 0.0104 0.9947
vn 0.1014 0.1480 0.9838
vn -0.0000 -0.9763 0.2165
vn -0.0000 -0.9331 0.3597
vn -0.0000 -0.8175 0.5759
vn -0.0000 -0.5709 0.8211
vn -0.0000 -0.2422 0.9702
vn -0.0000 0.0106 0.9999
vn -0.0000 0.1462 0.9892
vn -0.0262 -0.9762 0.2151
vn -0.0394 -0.9338 0.3557
vn -0.0603 -0.8208 0.5681
vn -0.0848 -0.5771 0.8122
vn -0.0998 -0.2462 0.9641
vn -0.1026 0.0104 0.9947
vn -0.1014 0.1480 0.9838
vn -0.0521 -0.9760 0.2113
vn -0.0792 -0.9357 0.3438
vn -0.1221 -0.8301 0.5441
vn -0.1743 -0.5954 0.7843
vn -0.2085 -0.2584 0.9433
vn -0.2152 0.0099 0.9765
vn -0.2125 0.1535 0.9650
vn -0.0797 -0.9758 0.2038
vn -0.1218 -0.9395 0.3201
vn -0.1881 -0.8454 0.5000
vn -0.2739 -0.6246 0.7314
vn -0.3360 -0.2786 0.8997
vn -0.3493 0.0096 0.9369
vn -0.3445 0.1641 0.9244
vn 0.1230 -0.9833 -0.1341
vn 0.1956 -0.9585 -0.2074
vn 0.3151 -0.8897 -0.3305
vn 0.4924 -0.7022 -0.5142
vn 0.6521 -0.3372 -0.6790
vn 0.6932 0.0119 -0.7207
vn 0.6792 0.2013 -0.7058
vn 0.1281 -0.9879 -0.0881
vn 0.2129 -0.9674 -0.1368
vn 0.3562 -0.9074 -0.2229
vn 0.5782 -0.7330 -0.3583
vn 0.7933 -0.3628 -0.4888
vn 0.8519 0.0144 -0.5235
vn 0.8312 0.2208 -0.5103
vn 0.1307 -0.9904 -0.0444
vn 0.2219 -0.9727 -0.0685
vn 0.3805 -0.9179 -0.1125
vn 0.6334 -0.7515 -0.1844
vn 0.8890 -0.3792 -0.2567
vn 0.9609 0.0168 -0.2764
vn 0.9343 0.2346 -0.2685
vn 0.1317 -0.9913 -0.0000
vn 0.2250 -0.9744 -0.0000
vn 0.3887 -0.9213 -0.0000
vn 0.6526 -0.7577 -0.0000
vn 0.9230 -0.3847 -0.0000
vn 0.9998 0.0177 -0.0000
vn 0.9709 0.2397 -0.0000
vn 0.1307 -0.9904 0.0444
vn 0.2219 -0.9727 0.0685
vn 0.3805 -0.9179 0.1125
vn 0.6334 -0.7515 0.1844
vn 0.8890 -0.3792 0.2567
vn 0.9609 0.0168 0.2764
vn 0.9343 0.2346 0.2685
vn 0.1281 -0.9879 0.0881
vn 0.2129 -0.9674 0.1368
vn 0.3562 -0.9074 0.2229
vn 0.5782 -0.7330 0.3583
vn 0.7933 -0.3628 0.4888
vn 0.8519 0.0144 0.5235
vn 0.8312 0.2208 0.5103
vn 0.1230 -0.9833 0.1341
vn 0.1956 -0.9585 0.2074
vn 0.3151 -0.8897 0.3305
vn 0.4924 -0.7022 0.5142
vn 0.6521 -0.3372 0.6790
vn 0.6932 0.0119 0.7207
vn 0.6792 0.2013 0.7058
vn -0.0797 -0.9758 -0.2038
vn -0.1218 -0.9395 -0.3201
vn -0.1881 -0.8454 -0.5000
vn -0.2739 -0.6246 -0.7314
vn -0.3360 -0.2786 -0.8997
vn -0.3493 0.0096 -0.9369
vn -0.3445 0.1641 -0.9244
vn -0.0521 -0.9760 -0.2113
vn -0.0792 -0.9357 -0.3438
vn -0.1221 -0.8301 -0.5441
vn -0.1743 -0.5954 -0.7843
vn -0.2085 -0.2584 -0.9433
vn -0.2152 0.0099 -0.9765
vn -0.2125 0.1535 -0.9650
vn -0.0262 -0.9762 -0.2151
vn -0.0394 -0.9338 -0.3557
vn -0.0603 -0.8208 -0.5681
vn -0.0848 -0.5771 -0.8122
vn -0.0998 -0.2462 -0.9641
vn -0.1026 0.0104 -0.9947
vn -0.1014 0.1480 -0.9838
vn -0.0000 -0.9763 -0.2165
vn -0.0000 -0.9331 -0.3597
vn -0.0000 -0.8175 -0.5759
vn -0.0000 -0.5709 -0.8211
vn -0.0000 -0.2422 -0.9702
vn -0.0000 0.0106 -0.9999
vn -0.0000 0.1462 -0.9892
vn 0.0262 -0.9762 -0.2151
vn 0.0394 -0.9338 -0.3557
vn 0.0603 -0.8208 -0.5681
vn 0.0848 -0.5771 -0.8122
vn 0.0998 -0.2462 -0.9641
vn 0.1026 0.0104 -0.9947
vn 0.1014 0.1480 -0.9838
vn 0.0521 -0.9760 -0.2113
vn 0.0792 -0.9357 -0.3438
vn 0.1221 -0.8301 -0.5441
vn 0.1743 -0.5954 -0.7843
vn 0.2085 -0.2584 -0.9433
vn 0.2152 0.0099 -0.9765
vn 0.2125 0.1535 -0.9650
vn 0.0797 -0.9758 -0.2038
vn 0.1218 -0.9395 -0.3201
vn 0.1881 -0.8454 -0.5000
vn 0.2739 -0.6246 -0.7314
vn 0.3360 -0.2786 -0.8997
vn 0.3493 0.0096 -0.9369
vn 0.3445 0.1641 -0.9244
vn -0.1230 -0.9833 0.1341
vn -0.1956 -0.9585 0.2074
vn -0.3151 -0.8897 0.3305
vn -0.4924 -0.7022 0.5142
vn -0.6521 -0.3372 0.6790
vn -0.6932 0.0119 0.7207
vn -0.6792 0.2013 0.7058
vn -0.1281 -0.9879 0.0881
vn -0.2129 -0.9674 0.1368
vn -0.3562 -0.9074 0.2229
vn -0.5782 -0.7330 0.3583
vn -0.7933 -0.3628 0.4888
vn -0.8519 0.0144 0.5235
vn -0.8312 0.2208 0.5103
vn -0.1307 -0.9904 0.0444
vn -0.2219 -0.9727 0.0685
vn -0.3805 -0.9179 0.1125
vn -0.6334 -0.7515 0.1844
vn -0.8890 -0.3792 0.2567
vn -0.9609 0.0168 0.2764
vn -0.9343 0.2346 0.2685
vn -0.1317 -0.9913 -0.0000
vn -0.2250 -0.9744 -0.0000
vn -0.3887 -0.9213 -0.0000
vn -0.6526 -0.7577 -0.0000
vn -0.9230 -0.3847 -0.0000
vn -0.9998 0.0177 -0.0000
vn -0.9709 0.2397 -0.0000
vn -0.1307 -0.9904 -0.0444
vn -0.2219 -0.9727 -0.0685
vn -0.3805 -0.9179 -0.1125
vn -0.6334 -0.7515 -0.1844
vn -0.8890 -0.3792 -0.2567
vn -0.9609 0.0168 -0.2764
vn -0.9343 0.2346 -0.2685
vn -0.1281 -0.9879 -0.0881
vn -0.2129 -0.9674 -0.1368
vn -0.3562 -0.9074 -0.2229
vn -0.5782 -0.7330 -0.3583
vn -0.7933 -0.3628 -0.4888
vn -0.8519 0.0144 -0.5235
vn -0.8312 0.2208 -0.5103
vn -0.1230 -0.9833 -0.1341
vn -0.1956 -0.9585 -0.2074
vn -0.3151 -0.8897 -0.3305
vn -0.4924 -0.7022 -0.5142
vn -0.6521 -0.3372 -0.6790
vn -0.6932 0.0119 -0.7207
vn -0.6792 0.2013 -0.7058
vt 0.515625 0.031250
vt 0.531250 0.031250
vt 0.531250 0.062500
vt 0.515625 0.062500
vt 0.546875 0.031250
vt 0.546875 0.062500
vt 0.562500 0.031250
vt 0.562500 0.062500
vt 0.578125 0.031250
vt 0.578125 0.062500
vt 0.593750 0.031250
vt 0.593750 0.062500
vt 0.609375 0.031250
vt 0.609375 0.062500
vt 0.531250 0.093750
vt 0.515625 0.093750
vt 0.546875 0.093750
vt 0.562500 0.093750
vt 0.578125 0.093750
vt 0.593750 0.093750
vt 0.609375 0.093750
vt 0.531250 0.125000
vt 0.515625 0.125000
vt 0.546875 0.125000
vt 0.562500 0.125000
vt 0.578125 0.125000
vt 0.593750 0.125000
vt 0.609375 0.125000
vt 0.531250 0.156250
vt 0.515625 0.156250
vt 0.546875 0.156250
vt 0.562500 0.156250
vt 0.578125 0.156250
vt 0.593750 0.156250
vt 0.609375 0.156250
vt 0.531250 0.187500
vt 0.515625 0.187500
vt 0.546875 0.187500
vt 0.562500 0.187500
vt 0.578125 0.187500
vt 0.593750 0.187500
vt 0.609375 0.187500
vt 0.531250 0.218750
vt 0.515625 0.218750
vt 0.546875 0.218750
vt 0.562500 0.218750
vt 0.578125 0.218750
vt 0.593750 0.218750
vt 0.609375 0.218750
vt 0.500000 0.000000
vt 0.515625 0.000000
vt 0.500000 0.031250
vt 0.531250 0.000000
vt 0.546875 0.000000
vt 0.562500 0.000000
vt 0.578125 0.000000
vt 0.593750 0.000000
vt 0.609375 0.000000
vt 0.625000 0.000000
vt 0.625000 0.031250
vt 0.625000 0.062500
vt 0.625000 0.093750
vt 0.625000 0.125000
vt 0.625000 0.156250
vt 0.625000 0.187500
vt 0.625000 0.218750
vt 0.625000 0.250000
vt 0.609375 0.250000
vt 0.593750 0.250000
vt 0.578125 0.250000
vt 0.562500 0.250000
vt 0.546875 0.250000
vt 0.531250 0.250000
vt 0.515625 0.250000
vt 0.500000 0.218750
vt 0.500000 0.250000
vt 0.500000 0.187500
vt 0.500000 0.156250
vt 0.500000 0.125000
vt 0.500000 0.093750
vt 0.500000 0.062500
vt 0.515625 0.281250
vt 0.531250 0.281250
vt 0.531250 0.312500
vt 0.515625 0.312500
vt 0.546875 0.281250
vt 0.546875 0.312500
vt 0.562500 0.281250
vt 0.562500 0.312500
vt 0.578125 0.281250
vt 0.578125 0.312500
vt 0.593750 0.281250
vt 0.593750 0.312500
vt 0.609375 0.281250
vt 0.609375 0.312500
vt 0.531250 0.343750
vt 0.515625 0.343750
vt 0.546875 0.343750
vt 0.562500 0.343750
vt 0.578125 0.343750
vt 0.593750 0.343750
vt 0.609375 0.343750
vt 0.531250 0.375000
vt 0.515625 0.375000
vt 0.546875 0.375000
vt 0.562500 0.375000
vt 0.578125 0.375000
vt 0.593750 0.375000
vt 0.609375 0.375000
vt 0.531251 0.406250
vt 0.515625 0.406250
vt 0.546878 0.406250
vt 0.562507 0.406250
vt 0.578137 0.406250
vt 0.593764 0.406250
vt 0.609384 0.406250
vt 0.531257 0.437500
vt 0.515626 0.437500
vt 0.546898 0.437500
vt 0.562554 0.437500
vt 0.578223 0.437500
vt 0.593865 0.437500
vt 0.609451 0.437500
vt 0.531273 0.468750
vt 0.515628 0.468750
vt 0.546952 0.468750
vt 0.562683 0.468750
vt 0.578460 0.468750
vt 0.594187 0.468750
vt 0.609731 0.468750
vt 0.500000 0.281250
vt 0.625000 0.281250
vt 0.625000 0.312500
vt 0.625000 0.343750
vt 0.625000 0.375000
vt 0.625000 0.406250
vt 0.625000 0.437500
vt 0.625000 0.468750
vt 0.625000 0.500000
vt 0.611052 0.500000
vt 0.595052 0.500000
vt 0.578952 0.500000
vt 0.562934 0.500000
vt 0.547058 0.500000
vt 0.531304 0.500000
vt 0.515632 0.500000
vt 0.500000 0.468750
vt 0.500000 0.500000
vt 0.500000 0.437500
vt 0.500000 0.406250
vt 0.500000 0.375000
vt 0.500000 0.343750
vt 0.500000 0.312500
vt 0.515638 0.531250
vt 0.531353 0.531250
vt 0.531406 0.562500
vt 0.515645 0.562500
vt 0.547221 0.531250
vt 0.547401 0.562500
vt 0.563321 0.531250
vt 0.563748 0.562500
vt 0.579743 0.531250
vt 0.580615 0.562500
vt 0.596643 0.531250
vt 0.598382 0.562500
vt 0.614415 0.531250
vt 0.617607 0.562500
vt 0.531449 0.593750
vt 0.515650 0.593750
vt 0.547547 0.593750
vt 0.564094 0.593750
vt 0.581297 0.593750
vt 0.599602 0.593750
vt 0.619528 0.593750
vt 0.531467 0.625000
vt 0.515652 0.625000
vt 0.547607 0.625000
vt 0.564236 0.625000
vt 0.581570 0.625000
vt 0.600043 0.625000
vt 0.620144 0.625000
vt 0.531449 0.656250
vt 0.515650 0.656250
vt 0.547547 0.656250
vt 0.564094 0.656250
vt 0.581297 0.656250
vt 0.599602 0.656250
vt 0.619528 0.656250
vt 0.531406 0.687500
vt 0.515644 0.687500
vt 0.547401 0.687500
vt 0.563748 0.687500
vt 0.580615 0.687500
vt 0.598382 0.687500
vt 0.617607 0.687500
vt 0.531353 0.718750
vt 0.515638 0.718750
vt 0.547221 0.718750
vt 0.563321 0.718750
vt 0.579743 0.718750
vt 0.596643 0.718750
vt 0.614415 0.718750
vt 0.500000 0.531250
vt 0.634918 0.531250
vt 0.639350 0.562500
vt 0.641659 0.593750
vt 0.642361 0.625000
vt 0.641659 0.656250
vt 0.639350 0.687500
vt 0.634918 0.718750
vt 0.625000 0.750000
vt 0.611052 0.750000
vt 0.595052 0.750000
vt 0.578952 0.750000
vt 0.562934 0.750000
vt 0.547058 0.750000
vt 0.531304 0.750000
vt 0.515632 0.750000
vt 0.500000 0.718750
vt 0.500000 0.750000
vt 0.500000 0.687500
vt 0.500000 0.656250
vt 0.500000 0.625000
vt 0.500000 0.593750
vt 0.500000 0.562500
vt 0.515628 0.781250
vt 0.531273 0.781250
vt 0.531257 0.812500
vt 0.515626 0.812500
vt 0.546952 0.781250
vt 0.546898 0.812500
vt 0.562683 0.781250
vt 0.562554 0.812500
vt 0.578460 0.781250
vt 0.578223 0.812500
vt 0.594187 0.781250
vt 0.593865 0.812500
vt 0.609730 0.781250
vt 0.609451 0.812500
vt 0.531251 0.843750
vt 0.515625 0.843750
vt 0.546878 0.843750
vt 0.562507 0.843750
vt 0.578137 0.843750
vt 0.593764 0.843750
vt 0.609384 0.843750
vt 0.531250 0.875000
vt 0.515625 0.875000
vt 0.546875 0.875000
vt 0.562500 0.875000
vt 0.578125 0.875000
vt 0.593750 0.875000
vt 0.609375 0.875000
vt 0.531250 0.906250
vt 0.515625 0.906250
vt 0.546875 0.906250
vt 0.562500 0.906250
vt 0.578125 0.906250
vt 0.593750 0.906250
vt 0.609375 0.906250
vt 0.531250 0.937500
vt 0.515625 0.937500
vt 0.546875 0.937500
vt 0.562500 0.937500
vt 0.578125 0.937500
vt 0.593750 0.937500
vt 0.609375 0.937500
vt 0.531250 0.968750
vt 0.515625 0.968750
vt 0.546875 0.968750
vt 0.562500 0.968750
vt 0.578125 0.968750
vt 0.593750 0.968750
vt 0.609375 0.968750
vt 0.500000 0.781250
vt 0.625000 0.781250
vt 0.625000 0.812500
vt 0.625000 0.843750
vt 0.625000 0.875000
vt 0.625000 0.906250
vt 0.625000 0.937500
vt 0.625000 0.968750
vt 0.625000 1.000000
vt 0.609375 1.000000
vt 0.593750 1.000000
vt 0.578125 1.000000
vt 0.562500 1.000000
vt 0.546875 1.000000
vt 0.531250 1.000000
vt 0.515625 1.000000
vt 0.500000 0.968750
vt 0.500000 1.000000
vt 0.500000 0.937500
vt 0.500000 0.906250
vt 0.500000 0.875000
vt 0.500000 0.843750
vt 0.500000 0.812500
vt 0.156240 0.531250
vt 0.187420 0.531250
vt 0.187351 0.562500
vt 0.156231 0.562500
vt 0.218481 0.531250
vt 0.218246 0.562500
vt 0.249363 0.531250
vt 0.248806 0.562500
vt 0.279967 0.531250
vt 0.278858 0.562500
vt 0.310043 0.531250
vt 0.307983 0.562500
vt 0.339066 0.531250
vt 0.335593 0.562500
vt 0.187302 0.593750
vt 0.156225 0.593750
vt 0.218081 0.593750
vt 0.248413 0.593750
vt 0.278090 0.593750
vt 0.306663 0.593750
vt 0.333606 0.593750
vt 0.187283 0.625000
vt 0.156223 0.625000
vt 0.218018 0.625000
vt 0.248264 0.625000
vt 0.277805 0.625000
vt 0.306207 0.625000
vt 0.332981 0.625000
vt 0.187302 0.656250
vt 0.156225 0.656250
vt 0.218081 0.656250
vt 0.248413 0.656250
vt 0.278090 0.656250
vt 0.306663 0.656250
vt 0.333606 0.656250
vt 0.187351 0.687500
vt 0.156231 0.687500
vt 0.218246 0.687500
vt 0.248806 0.687500
vt 0.278858 0.687500
vt 0.307983 0.687500
vt 0.335593 0.687500
vt 0.187420 0.718750
vt 0.156240 0.718750
vt 0.218481 0.718750
vt 0.249363 0.718750
vt 0.279967 0.718750
vt 0.310043 0.718750
vt 0.339066 0.718750
vt 0.125000 0.500000
vt 0.156250 0.500000
vt 0.125000 0.531250
vt 0.187500 0.500000
vt 0.218750 0.500000
vt 0.250000 0.500000
vt 0.281250 0.500000
vt 0.312500 0.500000
vt 0.343750 0.500000
vt 0.375000 0.500000
vt 0.365082 0.531250
vt 0.360650 0.562500
vt 0.358341 0.593750
vt 0.357639 0.625000
vt 0.358341 0.656250
vt 0.360650 0.687500
vt 0.365082 0.718750
vt 0.375000 0.750000
vt 0.343750 0.750000
vt 0.312500 0.750000
vt 0.281250 0.750000
vt 0.250000 0.750000
vt 0.218750 0.750000
vt 0.187500 0.750000
vt 0.156250 0.750000
vt 0.125000 0.718750
vt 0.125000 0.750000
vt 0.125000 0.687500
vt 0.125000 0.656250
vt 0.125000 0.625000
vt 0.125000 0.593750
vt 0.125000 0.562500
vt 0.660934 0.531250
vt 0.689957 0.531250
vt 0.692017 0.562500
vt 0.664407 0.562500
vt 0.720033 0.531250
vt 0.721142 0.562500
vt 0.750638 0.531250
vt 0.751194 0.562500
vt 0.781519 0.531250
vt 0.781754 0.562500
vt 0.812580 0.531250
vt 0.812649 0.562500
vt 0.843760 0.531250
vt 0.843769 0.562500
vt 0.693337 0.593750
vt 0.666394 0.593750
vt 0.721910 0.593750
vt 0.751587 0.593750
vt 0.781920 0.593750
vt 0.812698 0.593750
vt 0.843775 0.593750
vt 0.693793 0.625000
vt 0.667019 0.625000
vt 0.722195 0.625000
vt 0.751736 0.625000
vt 0.781982 0.625000
vt 0.812717 0.625000
vt 0.843777 0.625000
vt 0.693337 0.656250
vt 0.666394 0.656250
vt 0.721910 0.656250
vt 0.751587 0.656250
vt 0.781920 0.656250
vt 0.812698 0.656250
vt 0.843775 0.656250
vt 0.692017 0.687500
vt 0.664407 0.687500
vt 0.721142 0.687500
vt 0.751194 0.687500
vt 0.781754 0.687500
vt 0.812649 0.687500
vt 0.843769 0.687500
vt 0.689957 0.718750
vt 0.660934 0.718750
vt 0.720033 0.718750
vt 0.750638 0.718750
vt 0.781519 0.718750
vt 0.812580 0.718750
vt 0.843760 0.718750
vt 0.656250 0.500000
vt 0.687500 0.500000
vt 0.718750 0.500000
vt 0.750000 0.500000
vt 0.781250 0.500000
vt 0.812500 0.500000
vt 0.843750 0.500000
vt 0.875000 0.500000
vt 0.875000 0.531250
vt 0.875000 0.562500
vt 0.875000 0.593750
vt 0.875000 0.625000
vt 0.875000 0.656250
vt 0.875000 0.687500
vt 0.875000 0.718750
vt 0.875000 0.750000
vt 0.843750 0.750000
vt 0.812500 0.750000
vt 0.781250 0.750000
vt 0.750000 0.750000
vt 0.718750 0.750000
vt 0.687500 0.750000
vt 0.656250 0.750000
vt 0.390270 0.781250
vt 0.405813 0.781250
vt 0.406135 0.812500
vt 0.390550 0.812500
vt 0.421540 0.781250
vt 0.421778 0.812500
vt 0.437317 0.781250
vt 0.437446 0.812500
vt 0.453048 0.781250
vt 0.453102 0.812500
vt 0.468727 0.781250
vt 0.468743 0.812500
vt 0.484372 0.781250
vt 0.484374 0.812500
vt 0.406236 0.843750
vt 0.390616 0.843750
vt 0.421863 0.843750
vt 0.437493 0.843750
vt 0.453122 0.843750
vt 0.468749 0.843750
vt 0.484375 0.843750
vt 0.406250 0.875000
vt 0.390625 0.875000
vt 0.421875 0.875000
vt 0.437500 0.875000
vt 0.453125 0.875000
vt 0.468750 0.875000
vt 0.484375 0.875000
vt 0.406250 0.906250
vt 0.390625 0.906250
vt 0.421875 0.906250
vt 0.437500 0.906250
vt 0.453125 0.906250
vt 0.468750 0.906250
vt 0.484375 0.906250
vt 0.406250 0.937500
vt 0.390625 0.937500
vt 0.421875 0.937500
vt 0.437500 0.937500
vt 0.453125 0.937500
vt 0.468750 0.937500
vt 0.484375 0.937500
vt 0.406250 0.968750
vt 0.390625 0.968750
vt 0.421875 0.968750
vt 0.437500 0.968750
vt 0.453125 0.968750
vt 0.468750 0.968750
vt 0.484375 0.968750
vt 0.388948 0.750000
vt 0.375000 0.781250
vt 0.404948 0.750000
vt 0.421048 0.750000
vt 0.437066 0.750000
vt 0.452942 0.750000
vt 0.468696 0.750000
vt 0.484368 0.750000
vt 0.484375 1.000000
vt 0.468750 1.000000
vt 0.453125 1.000000
vt 0.437500 1.000000
vt 0.421875 1.000000
vt 0.406250 1.000000
vt 0.390625 1.000000
vt 0.375000 0.968750
vt 0.375000 1.000000
vt 0.375000 0.937500
vt 0.375000 0.906250
vt 0.375000 0.875000
vt 0.375000 0.843750
vt 0.375000 0.812500
vt 0.385585 0.531250
vt 0.403357 0.531250
vt 0.401618 0.562500
vt 0.382393 0.562500
vt 0.420257 0.531250
vt 0.419385 0.562500
vt 0.436679 0.531250
vt 0.436252 0.562500
vt 0.452779 0.531250
vt 0.452599 0.562500
vt 0.468647 0.531250
vt 0.468594 0.562500
vt 0.484362 0.531250
vt 0.484356 0.562500
vt 0.400398 0.593750
vt 0.380472 0.593750
vt 0.418703 0.593750
vt 0.435906 0.593750
vt 0.452453 0.593750
vt 0.468551 0.593750
vt 0.484350 0.593750
vt 0.399957 0.625000
vt 0.379856 0.625000
vt 0.418430 0.625000
vt 0.435764 0.625000
vt 0.452393 0.625000
vt 0.468533 0.625000
vt 0.484348 0.625000
vt 0.400398 0.656250
vt 0.380472 0.656250
vt 0.418703 0.656250
vt 0.435906 0.656250
vt 0.452453 0.656250
vt 0.468551 0.656250
vt 0.484350 0.656250
vt 0.401618 0.687500
vt 0.382393 0.687500
vt 0.419385 0.687500
vt 0.436252 0.687500
vt 0.452599 0.687500
vt 0.468594 0.687500
vt 0.484356 0.687500
vt 0.403357 0.718750
vt 0.385585 0.718750
vt 0.420257 0.718750
vt 0.436679 0.718750
vt 0.452779 0.718750
vt 0.468647 0.718750
vt 0.484362 0.718750
vt 0.388948 0.500000
vt 0.404948 0.500000
vt 0.421048 0.500000
vt 0.437066 0.500000
vt 0.452942 0.500000
vt 0.468696 0.500000
vt 0.484368 0.500000
vt 0.390625 0.281250
vt 0.406250 0.281250
vt 0.406250 0.312500
vt 0.390625 0.312500
vt 0.421875 0.281250
vt 0.421875 0.312500
vt 0.437500 0.281250
vt 0.437500 0.312500
vt 0.453125 0.281250
vt 0.453125 0.312500
vt 0.468750 0.281250
vt 0.468750 0.312500
vt 0.484375 0.281250
vt 0.484375 0.312500
vt 0.406250 0.343750
vt 0.390625 0.343750
vt 0.421875 0.343750
vt 0.437500 0.343750
vt 0.453125 0.343750
vt 0.468750 0.343750
vt 0.484375 0.343750
vt 0.406250 0.375000
vt 0.390625 0.375000
vt 0.421875 0.375000
vt 0.437500 0.375000
vt 0.453125 0.375000
vt 0.468750 0.375000
vt 0.484375 0.375000
vt 0.406236 0.406250
vt 0.390616 0.406250
vt 0.421863 0.406250
vt 0.437493 0.406250
vt 0.453122 0.406250
vt 0.468749 0.406250
vt 0.484375 0.406250
vt 0.406135 0.437500
vt 0.390550 0.437500
vt 0.421778 0.437500
vt 0.437446 0.437500
vt 0.453102 0.437500
vt 0.468743 0.437500
vt 0.484374 0.437500
vt 0.405813 0.468750
vt 0.390269 0.468750
vt 0.421540 0.468750
vt 0.437317 0.468750
vt 0.453048 0.468750
vt 0.468727 0.468750
vt 0.484372 0.468750
vt 0.375000 0.250000
vt 0.390625 0.250000
vt 0.375000 0.281250
vt 0.406250 0.250000
vt 0.421875 0.250000
vt 0.437500 0.250000
vt 0.453125 0.250000
vt 0.468750 0.250000
vt 0.484375 0.250000
vt 0.375000 0.468750
vt 0.375000 0.437500
vt 0.375000 0.406250
vt 0.375000 0.375000
vt 0.375000 0.343750
vt 0.375000 0.312500
vt 0.390625 0.031250
vt 0.406250 0.031250
vt 0.406250 0.062500
vt 0.390625 0.062500
vt 0.421875 0.031250
vt 0.421875 0.062500
vt 0.437500 0.031250
vt 0.437500 0.062500
vt 0.453125 0.031250
vt 0.453125 0.062500
vt 0.468750 0.031250
vt 0.468750 0.062500
vt 0.484375 0.031250
vt 0.484375 0.062500
vt 0.406250 0.093750
vt 0.390625 0.093750
vt 0.421875 0.093750
vt 0.437500 0.093750
vt 0.453125 0.093750
vt 0.468750 0.093750
vt 0.484375 0.093750
vt 0.406250 0.125000
vt 0.390625 0.125000
vt 0.421875 0.125000
vt 0.437500 0.125000
vt 0.453125 0.125000
vt 0.468750 0.125000
vt 0.484375 0.125000
vt 0.406250 0.156250
vt 0.390625 0.156250
vt 0.421875 0.156250
vt 0.437500 0.156250
vt 0.453125 0.156250
vt 0.468750 0.156250
vt 0.484375 0.156250
vt 0.406250 0.187500
vt 0.390625 0.187500
vt 0.421875 0.187500
vt 0.437500 0.187500
vt 0.453125 0.187500
vt 0.468750 0.187500
vt 0.484375 0.187500
vt 0.406250 0.218750
vt 0.390625 0.218750
vt 0.421875 0.218750
vt 0.437500 0.218750
vt 0.453125 0.218750
vt 0.468750 0.218750
vt 0.484375 0.218750
vt 0.375000 0.000000
vt 0.390625 0.000000
vt 0.375000 0.031250
vt 0.406250 0.000000
vt 0.421875 0.000000
vt 0.437500 0.000000
vt 0.453125 0.000000
vt 0.468750 0.000000
vt 0.484375 0.000000
vt 0.375000 0.218750
vt 0.375000 0.187500
vt 0.375000 0.156250
vt 0.375000 0.125000
vt 0.375000 0.093750
vt 0.375000 0.062500
s 1
usemtl マテリアル.002
f 539/442/539 540/443/540 547/444/547 546/445/546
f 540/443/540 541/446/541 548/447/548 547/444/547
f 541/446/541 542/448/542 549/449/549 548/447/548
f 542/448/542 543/450/543 550/451/550 549/449/549
f 543/450/543 544/452/544 551/453/551 550/451/550
f 544/452/544 545/454/545 552/455/552 551/453/551
f 546/445/546 547/444/547 554/456/554 553/457/553
f 547/444/547 548/447/548 555/458/555 554/456/554
f 548/447/548 549/449/549 556/459/556 555/458/555
f 549/449/549 550/451/550 557/460/557 556/459/556
f 550/451/550 551/453/551 558/461/558 557/460/557
f 551/453/551 552/455/552 559/462/559 558/461/558
f 553/457/553 554/456/554 561/463/561 560/464/560
f 554/456/554 555/458/555 562/465/562 561/463/561
f 555/458/555 556/459/556 563/466/563 562/465/562
f 556/459/556 557/460/557 564/467/564 563/466/563
f 557/460/557 558/461/558 565/468/565 564/467/564
f 558/461/558 559/462/559 566/469/566 565/468/565
f 560/464/560 561/463/561 568/470/568 567/471/567
f 561/463/561 562/465/562 569/472/569 568/470/568
f 562/465/562 563/466/563 570/473/570 569/472/569
f 563/466/563 564/467/564 571/474/571 570/473/570
f 564/467/564 565/468/565 572/475/572 571/474/571
f 565/468/565 566/469/566 573/476/573 572/475/572
f 567/471/567 568/470/568 575/477/575 574/478/574
f 568/470/568 569/472/569 576/479/576 575/477/575
f 569/472/569 570/473/570 577/480/577 576/479/576
f 570/473/570 571/474/571 578/481/578 577/480/577
f 571/474/571 572/475/572 579/482/579 578/481/578
f 572/475/572 573/476/573 580/483/580 579/482/579
f 574/478/574 575/477/575 582/484/582 581/485/581
f 575/477/575 576/479/576 583/486/583 582/484/582
f 576/479/576 577/480/577 584/487/584 583/486/583
f 577/480/577 578/481/578 585/488/585 584/487/584
f 578/481/578 579/482/579 586/489/586 585/488/585
f 579/482/579 580/483/580 587/490/587 586/489/586
f 395/491/395 406/492/406 539/442/539 532/493/532
f 406/492/406 407/494/407 540/443/540 539/442/539
f 407/494/407 408/495/408 541/446/541 540/443/540
f 408/495/408 409/496/409 542/448/542 541/446/541
f 409/496/409 410/497/410 543/450/543 542/448/542
f 410/497/410 411/498/411 544/452/544 543/450/543
f 411/498/411 412/499/412 545/454/545 544/452/544
f 412/499/412 388/500/388 413/501/413 545/454/545
f 545/454/545 413/501/413 414/502/414 552/455/552
f 552/455/552 414/502/414 415/503/415 559/462/559
f 559/462/559 415/503/415 416/504/416 566/469/566
f 566/469/566 416/504/416 417/505/417 573/476/573
f 573/476/573 417/505/417 418/506/418 580/483/580
f 580/483/580 418/506/418 419/507/419 587/490/587
f 587/490/587 419/507/419 390/508/390 490/509/490
f 586/489/586 587/490/587 490/509/490 491/510/491
f 585/488/585 586/489/586 491/510/491 492/511/492
f 584/487/584 585/488/585 492/511/492 493/512/493
f 583/486/583 584/487/584 493/512/493 494/513/494
f 582/484/582 583/486/583 494/513/494 495/514/495
f 581/485/581 582/484/582 495/514/495 496/515/496
f 538/516/538 581/485/581 496/515/496 396/517/396
f 537/518/537 574/478/574 581/485/581 538/516/538
f 536/519/536 567/471/567 574/478/574 537/518/537
f 535/520/535 560/464/560 567/471/567 536/519/536
f 534/521/534 553/457/553 560/464/560 535/520/535
f 533/522/533 546/445/546 553/457/553 534/521/534
f 532/493/532 539/442/539 546/445/546 533/522/533
f 588/523/588 589/524/589 596/525/596 595/526/595
f 589/524/589 590/527/590 597/528/597 596/525/596
f 590/527/590 591/529/591 598/530/598 597/528/597
f 591/529/591 592/531/592 599/532/599 598/530/598
f 592/531/592 593/533/593 600/534/600 599/532/599
f 593/533/593 594/535/594 601/536/601 600/534/600
f 595/526/595 596/525/596 603/537/603 602/538/602
f 596/525/596 597/528/597 604/539/604 603/537/603
f 597/528/597 598/530/598 605/540/605 604/539/604
f 598/530/598 599/532/599 606/541/606 605/540/605
f 599/532/599 600/534/600 607/542/607 606/541/606
f 600/534/600 601/536/601 608/543/608 607/542/607
f 602/538/602 603/537/603 610/544/610 609/545/609
f 603/537/603 604/539/604 611/546/611 610/544/610
f 604/539/604 605/540/605 612/547/612 611/546/611
f 605/540/605 606/541/606 613/548/613 612/547/612
f 606/541/606 607/542/607 614/549/614 613/548/613
f 607/542/607 608/543/608 615/550/615 614/549/614
f 609/545/609 610/544/610 617/551/617 616/552/616
f 610/544/610 611/546/611 618/553/618 617/551/617
f 611/546/611 612/547/612 619/554/619 618/553/618
f 612/547/612 613/548/613 620/555/620 619/554/619
f 613/548/613 614/549/614 621/556/621 620/555/620
f 614/549/614 615/550/615 622/557/622 621/556/621
f 616/552/616 617/551/617 624/558/624 623/559/623
f 617/551/617 618/553/618 625/560/625 624/558/624
f 618/553/618 619/554/619 626/561/626 625/560/625
f 619/554/619 620/555/620 627/562/627 626/561/626
f 620/555/620 621/556/621 628/563/628 627/562/627
f 621/556/621 622/557/622 629/564/629 628/563/628
f 623/559/623 624/558/624 631/565/631 630/566/630
f 624/558/624 625/560/625 632/567/632 631/565/631
f 625/560/625 626/561/626 633/568/633 632/567/632
f 626/561/626 627/562/627 634/569/634 633/568/633
f 627/562/627 628/563/628 635/570/635 634/569/634
f 628/563/628 629/564/629 636/571/636 635/570/635
f 396/517/396 496/515/496 588/523/588 525/572/525
f 496/515/496 495/514/495 589/524/589 588/523/588
f 495/514/495 494/513/494 590/527/590 589/524/589
f 494/513/494 493/512/493 591/529/591 590/527/590
f 493/512/493 492/511/492 592/531/592 591/529/591
f 492/511/492 491/510/491 593/533/593 592/531/592
f 491/510/491 490/509/490 594/535/594 593/533/593
f 490/509/490 390/508/390 434/573/434 594/535/594
f 594/535/594 434/573/434 435/574/435 601/536/601
f 601/536/601 435/574/435 436/575/436 608/543/608
f 608/543/608 436/575/436 437/576/437 615/550/615
f 615/550/615 437/576/437 438/577/438 622/557/622
f 622/557/622 438/577/438 439/578/439 629/564/629
f 629/564/629 439/578/439 440/579/440 636/571/636
f 636/571/636 440/579/440 394/580/394 497/581/497
f 635/570/635 636/571/636 497/581/497 498/582/498
f 634/569/634 635/570/635 498/582/498 499/583/499
f 633/568/633 634/569/634 499/583/499 500/584/500
f 632/567/632 633/568/633 500/584/500 501/585/501
f 631/565/631 632/567/632 501/585/501 502/586/502
f 630/566/630 631/565/631 502/586/502 503/587/503
f 531/588/531 630/566/630 503/587/503 397/589/397
f 530/590/530 623/559/623 630/566/630 531/588/531
f 529/591/529 616/552/616 623/559/623 530/590/530
f 528/592/528 609/545/609 616/552/616 529/591/529
f 527/593/527 602/538/602 609/545/609 528/592/528
f 526/594/526 595/526/595 602/538/602 527/593/527
f 525/572/525 588/523/588 595/526/595 526/594/526
f 637/595/637 638/596/638 645/597/645 644/598/644
f 638/596/638 639/599/639 646/600/646 645/597/645
f 639/599/639 640/601/640 647/602/647 646/600/646
f 640/601/640 641/603/641 648/604/648 647/602/647
f 641/603/641 642/605/642 649/606/649 648/604/648
f 642/605/642 643/607/643 650/608/650 649/606/649
f 644/598/644 645/597/645 652/609/652 651/610/651
f 645/597/645 646/600/646 653/611/653 652/609/652
f 646/600/646 647/602/647 654/612/654 653/611/653
f 647/602/647 648/604/648 655/613/655 654/612/654
f 648/604/648 649/606/649 656/614/656 655/613/655
f 649/606/649 650/608/650 657/615/657 656/614/656
f 651/610/651 652/609/652 659/616/659 658/617/658
f 652/609/652 653/611/653 660/618/660 659/616/659
f 653/611/653 654/612/654 661/619/661 660/618/660
f 654/612/654 655/613/655 662/620/662 661/619/661
f 655/613/655 656/614/656 663/621/663 662/620/662
f 656/614/656 657/615/657 664/622/664 663/621/663
f 658/617/658 659/616/659 666/623/666 665/624/665
f 659/616/659 660/618/660 667/625/667 666/623/666
f 660/618/660 661/619/661 668/626/668 667/625/667
f 661/619/661 662/620/662 669/627/669 668/626/668
f 662/620/662 663/621/663 670/628/670 669/627/669
f 663/621/663 664/622/664 671/629/671 670/628/670
f 665/624/665 666/623/666 673/630/673 672/631/672
f 666/623/666 667/625/667 674/632/674 673/630/673
f 667/625/667 668/626/668 675/633/675 674/632/674
f 668/626/668 669/627/669 676/634/676 675/633/675
f 669/627/669 670/628/670 677/635/677 676/634/676
f 670/628/670 671/629/671 678/636/678 677/635/677
f 672/631/672 673/630/673 680/637/680 679/638/679
f 673/630/673 674/632/674 681/639/681 680/637/680
f 674/632/674 675/633/675 682/640/682 681/639/681
f 675/633/675 676/634/676 683/641/683 682/640/682
f 676/634/676 677/635/677 684/642/684 683/641/683
f 677/635/677 678/636/678 685/643/685 684/642/684
f 397/589/397 503/587/503 637/595/637 518/644/518
f 503/587/503 502/586/502 638/596/638 637/595/637
f 502/586/502 501/585/501 639/599/639 638/596/638
f 501/585/501 500/584/500 640/601/640 639/599/639
f 500/584/500 499/583/499 641/603/641 640/601/640
f 499/583/499 498/582/498 642/605/642 641/603/641
f 498/582/498 497/581/497 643/607/643 642/605/642
f 497/581/497 394/580/394 455/645/455 643/607/643
f 643/607/643 455/645/455 456/646/456 650/608/650
f 650/608/650 456/646/456 457/647/457 657/615/657
f 657/615/657 457/647/457 458/648/458 664/622/664
f 664/622/664 458/648/458 459/649/459 671/629/671
f 671/629/671 459/649/459 460/650/460 678/636/678
f 678/636/678 460/650/460 461/651/461 685/643/685
f 685/643/685 461/651/461 392/652/392 504/653/504
f 684/642/684 685/643/685 504/653/504 505/654/505
f 683/641/683 684/642/684 505/654/505 506/655/506
f 682/640/682 683/641/683 506/655/506 507/656/507
f 681/639/681 682/640/682 507/656/507 508/657/508
f 680/637/680 681/639/681 508/657/508 509/658/509
f 679/638/679 680/637/680 509/658/509 510/659/510
f 524/660/524 679/638/679 510/659/510 398/661/398
f 523/662/523 672/631/672 679/638/679 524/660/524
f 522/663/522 665/624/665 672/631/672 523/662/523
f 521/664/521 658/617/658 665/624/665 522/663/522
f 520/665/520 651/610/651 658/617/658 521/664/521
f 519/666/519 644/598/644 651/610/651 520/665/520
f 518/644/518 637/595/637 644/598/644 519/666/519
f 686/667/686 687/668/687 694/669/694 693/670/693
f 687/668/687 688/671/688 695/672/695 694/669/694
f 688/671/688 689/673/689 696/674/696 695/672/695
f 689/673/689 690/675/690 697/676/697 696/674/696
f 690/675/690 691/677/691 698/678/698 697/676/697
f 691/677/691 692/679/692 699/680/699 698/678/698
f 693/670/693 694/669/694 701/681/701 700/682/700
f 694/669/694 695/672/695 702/683/702 701/681/701
f 695/672/695 696/674/696 703/684/703 702/683/702
f 696/674/696 697/676/697 704/685/704 703/684/703
f 697/676/697 698/678/698 705/686/705 704/685/704
f 698/678/698 699/680/699 706/687/706 705/686/705
f 700/682/700 701/681/701 708/688/708 707/689/707
f 701/681/701 702/683/702 709/690/709 708/688/708
f 702/683/702 703/684/703 710/691/710 709/690/709
f 703/684/703 704/685/704 711/692/711 710/691/710
f 704/685/704 705/686/705 712/693/712 711/692/711
f 705/686/705 706/687/706 713/694/713 712/693/712
f 707/689/707 708/688/708 715/695/715 714/696/714
f 708/688/708 709/690/709 716/697/716 715/695/715
f 709/690/709 710/691/710 717/698/717 716/697/716
f 710/691/710 711/692/711 718/699/718 717/698/717
f 711/692/711 712/693/712 719/700/719 718/699/718
f 712/693/712 713/694/713 720/701/720 719/700/719
f 714/696/714 715/695/715 722/702/722 721/703/721
f 715/695/715 716/697/716 723/704/723 722/702/722
f 716/697/716 717/698/717 724/705/724 723/704/723
f 717/698/717 718/699/718 725/706/725 724/705/724
f 718/699/718 719/700/719 726/707/726 725/706/725
f 719/700/719 720/701/720 727/708/727 726/707/726
f 721/703/721 722/702/722 729/709/729 728/710/728
f 722/702/722 723/704/723 730/711/730 729/709/729
f 723/704/723 724/705/724 731/712/731 730/711/730
f 724/705/724 725/706/725 732/713/732 731/712/731
f 725/706/725 726/707/726 733/714/733 732/713/732
f 726/707/726 727/708/727 734/715/734 733/714/733
f 398/661/398 510/659/510 686/667/686 511/716/511
f 510/659/510 509/658/509 687/668/687 686/667/686
f 509/658/509 508/657/508 688/671/688 687/668/687
f 508/657/508 507/656/507 689/673/689 688/671/688
f 507/656/507 506/655/506 690/675/690 689/673/689
f 506/655/506 505/654/505 691/677/691 690/675/690
f 505/654/505 504/653/504 692/679/692 691/677/691
f 504/653/504 392/652/392 476/717/476 692/679/692
f 692/679/692 476/717/476 477/718/477 699/680/699
f 699/680/699 477/718/477 478/719/478 706/687/706
f 706/687/706 478/719/478 479/720/479 713/694/713
f 713/694/713 479/720/479 480/721/480 720/701/720
f 720/701/720 480/721/480 481/722/481 727/708/727
f 727/708/727 481/722/481 482/723/482 734/715/734
f 734/715/734 482/723/482 388/724/388 412/725/412
f 733/714/733 734/715/734 412/725/412 411/726/411
f 732/713/732 733/714/733 411/726/411 410/727/410
f 731/712/731 732/713/732 410/727/410 409/728/409
f 730/711/730 731/712/731 409/728/409 408/729/408
f 729/709/729 730/711/730 408/729/408 407/730/407
f 728/710/728 729/709/729 407/730/407 406/731/406
f 517/732/517 728/710/728 406/731/406 395/733/395
f 516/734/516 721/703/721 728/710/728 517/732/517
f 515/735/515 714/696/714 721/703/721 516/734/516
f 514/736/514 707/689/707 714/696/714 515/735/515
f 513/737/513 700/682/700 707/689/707 514/736/514
f 512/738/512 693/670/693 700/682/700 513/737/513
f 511/716/511 686/667/686 693/670/693 512/738/512
f 735/739/735 736/740/736 743/741/743 742/742/742
f 736/740/736 737/743/737 744/744/744 743/741/743
f 737/743/737 738/745/738 745/746/745 744/744/744
f 738/745/738 739/747/739 746/748/746 745/746/745
f 739/747/739 740/749/740 747/750/747 746/748/746
f 740/749/740 741/751/741 748/752/748 747/750/747
f 742/742/742 743/741/743 750/753/750 749/754/749
f 743/741/743 744/744/744 751/755/751 750/753/750
f 744/744/744 745/746/745 752/756/752 751/755/751
f 745/746/745 746/748/746 753/757/753 752/756/752
f 746/748/746 747/750/747 754/758/754 753/757/753
f 747/750/747 748/752/748 755/759/755 754/758/754
f 749/754/749 750/753/750 757/760/757 756/761/756
f 750/753/750 751/755/751 758/762/758 757/760/757
f 751/755/751 752/756/752 759/763/759 758/762/758
f 752/756/752 753/757/753 760/764/760 759/763/759
f 753/757/753 754/758/754 761/765/761 760/764/760
f 754/758/754 755/759/755 762/766/762 761/765/761
f 756/761/756 757/760/757 764/767/764 763/768/763
f 757/760/757 758/762/758 765/769/765 764/767/764
f 758/762/758 759/763/759 766/770/766 765/769/765
f 759/763/759 760/764/760 767/771/767 766/770/766
f 760/764/760 761/765/761 768/772/768 767/771/767
f 761/765/761 762/766/762 769/773/769 768/772/768
f 763/768/763 764/767/764 771/774/771 770/775/770
f 764/767/764 765/769/765 772/776/772 771/774/771
f 765/769/765 766/770/766 773/777/773 772/776/772
f 766/770/766 767/771/767 774/778/774 773/777/773
f 767/771/767 768/772/768 775/779/775 774/778/774
f 768/772/768 769/773/769 776/780/776 775/779/775
f 770/775/770 771/774/771 778/781/778 777/782/777
f 771/774/771 772/776/772 779/783/779 778/781/778
f 772/776/772 773/777/773 780/784/780 779/783/779
f 773/777/773 774/778/774 781/785/781 780/784/780
f 774/778/774 775/779/775 782/786/782 781/785/781
f 775/779/775 776/780/776 783/787/783 782/786/782
f 389/788/389 433/789/433 735/739/735 399/790/399
f 433/789/433 432/791/432 736/740/736 735/739/735
f 432/791/432 431/792/431 737/743/737 736/740/736
f 431/792/431 430/793/430 738/745/738 737/743/737
f 430/793/430 429/794/429 739/747/739 738/745/738
f 429/794/429 428/795/428 740/749/740 739/747/739
f 428/795/428 427/796/427 741/751/741 740/749/740
f 427/796/427 393/797/393 454/798/454 741/751/741
f 741/751/741 454/798/454 453/799/453 748/752/748
f 748/752/748 453/799/453 452/800/452 755/759/755
f 755/759/755 452/800/452 451/801/451 762/766/762
f 762/766/762 451/801/451 450/802/450 769/773/769
f 769/773/769 450/802/450 449/803/449 776/780/776
f 776/780/776 449/803/449 448/804/448 783/787/783
f 783/787/783 448/804/448 391/805/391 475/806/475
f 782/786/782 783/787/783 475/806/475 474/807/474
f 781/785/781 782/786/782 474/807/474 473/808/473
f 780/784/780 781/785/781 473/808/473 472/809/472
f 779/783/779 780/784/780 472/809/472 471/810/471
f 778/781/778 779/783/779 471/810/471 470/811/470
f 777/782/777 778/781/778 470/811/470 469/812/469
f 405/813/405 777/782/777 469/812/469 387/814/387
f 404/815/404 770/775/770 777/782/777 405/813/405
f 403/816/403 763/768/763 770/775/770 404/815/404
f 402/817/402 756/761/756 763/768/763 403/816/403
f 401/818/401 749/754/749 756/761/756 402/817/402
f 400/819/400 742/742/742 749/754/749 401/818/401
f 399/790/399 735/739/735 742/742/742 400/819/400
f 784/820/784 785/821/785 792/822/792 791/823/791
f 785/821/785 786/824/786 793/825/793 792/822/792
f 786/824/786 787/826/787 794/827/794 793/825/793
f 787/826/787 788/828/788 795/829/795 794/827/794
f 788/828/788 789/830/789 796/831/796 795/829/795
f 789/830/789 790/832/790 797/833/797 796/831/796
f 791/823/791 792/822/792 799/834/799 798/835/798
f 792/822/792 793/825/793 800/836/800 799/834/799
f 793/825/793 794/827/794 801/837/801 800/836/800
f 794/827/794 795/829/795 802/838/802 801/837/801
f 795/829/795 796/831/796 803/839/803 802/838/802
f 796/831/796 797/833/797 804/840/804 803/839/803
f 798/835/798 799/834/799 806/841/806 805/842/805
f 799/834/799 800/836/800 807/843/807 806/841/806
f 800/836/800 801/837/801 808/844/808 807/843/807
f 801/837/801 802/838/802 809/845/809 808/844/808
f 802/838/802 803/839/803 810/846/810 809/845/809
f 803/839/803 804/840/804 811/847/811 810/846/810
f 805/842/805 806/841/806 813/848/813 812/849/812
f 806/841/806 807/843/807 814/850/814 813/848/813
f 807/843/807 808/844/808 815/851/815 814/850/814
f 808/844/808 809/845/809 816/852/816 815/851/815
f 809/845/809 810/846/810 817/853/817 816/852/816
f 810/846/810 811/847/811 818/854/818 817/853/817
f 812/849/812 813/848/813 820/855/820 819/856/819
f 813/848/813 814/850/814 821/857/821 820/855/820
f 814/850/814 815/851/815 822/858/822 821/857/821
f 815/851/815 816/852/816 823/859/823 822/858/822
f 816/852/816 817/853/817 824/860/824 823/859/823
f 817/853/817 818/854/818 825/861/825 824/860/824
f 819/856/819 820/855/820 827/862/827 826/863/826
f 820/855/820 821/857/821 828/864/828 827/862/827
f 821/857/821 822/858/822 829/865/829 828/864/828
f 822/858/822 823/859/823 830/866/830 829/865/829
f 823/859/823 824/860/824 831/867/831 830/866/830
f 824/860/824 825/861/825 832/868/832 831/867/831
f 394/580/394 440/869/440 784/820/784 455/645/455
f 440/869/440 439/870/439 785/821/785 784/820/784
f 439/870/439 438/871/438 786/824/786 785/821/785
f 438/871/438 437/872/437 787/826/787 786/824/786
f 437/872/437 436/873/436 788/828/788 787/826/787
f 436/873/436 435/874/435 789/830/789 788/828/788
f 435/874/435 434/875/434 790/832/790 789/830/789
f 434/875/434 390/876/390 419/877/419 790/832/790
f 790/832/790 419/877/419 418/878/418 797/833/797
f 797/833/797 418/878/418 417/879/417 804/840/804
f 804/840/804 417/879/417 416/880/416 811/847/811
f 811/847/811 416/880/416 415/881/415 818/854/818
f 818/854/818 415/881/415 414/882/414 825/861/825
f 825/861/825 414/882/414 413/883/413 832/868/832
f 832/868/832 413/883/413 388/884/388 482/885/482
f 831/867/831 832/868/832 482/885/482 481/886/481
f 830/866/830 831/867/831 481/886/481 480/887/480
f 829/865/829 830/866/830 480/887/480 479/888/479
f 828/864/828 829/865/829 479/888/479 478/889/478
f 827/862/827 828/864/828 478/889/478 477/890/477
f 826/863/826 827/862/827 477/890/477 476/891/476
f 461/651/461 826/863/826 476/891/476 392/652/392
f 460/650/460 819/856/819 826/863/826 461/651/461
f 459/649/459 812/849/812 819/856/819 460/650/460
f 458/648/458 805/842/805 812/849/812 459/649/459
f 457/647/457 798/835/798 805/842/805 458/648/458
f 456/646/456 791/823/791 798/835/798 457/647/457
f 455/645/455 784/820/784 791/823/791 456/646/456
f 833/892/833 834/893/834 841/894/841 840/895/840
f 834/893/834 835/896/835 842/897/842 841/894/841
f 835/896/835 836/898/836 843/899/843 842/897/842
f 836/898/836 837/900/837 844/901/844 843/899/843
f 837/900/837 838/902/838 845/903/845 844/901/844
f 838/902/838 839/904/839 846/905/846 845/903/845
f 840/895/840 841/894/841 848/906/848 847/907/847
f 841/894/841 842/897/842 849/908/849 848/906/848
f 842/897/842 843/899/843 850/909/850 849/908/849
f 843/899/843 844/901/844 851/910/851 850/909/850
f 844/901/844 845/903/845 852/911/852 851/910/851
f 845/903/845 846/905/846 853/912/853 852/911/852
f 847/907/847 848/906/848 855/913/855 854/914/854
f 848/906/848 849/908/849 856/915/856 855/913/855
f 849/908/849 850/909/850 857/916/857 856/915/856
f 850/909/850 851/910/851 858/917/858 857/916/857
f 851/910/851 852/911/852 859/918/859 858/917/858
f 852/911/852 853/912/853 860/919/860 859/918/859
f 854/914/854 855/913/855 862/920/862 861/921/861
f 855/913/855 856/915/856 863/922/863 862/920/862
f 856/915/856 857/916/857 864/923/864 863/922/863
f 857/916/857 858/917/858 865/924/865 864/923/864
f 858/917/858 859/918/859 866/925/866 865/924/865
f 859/918/859 860/919/860 867/926/867 866/925/866
f 861/921/861 862/920/862 869/927/869 868/928/868
f 862/920/862 863/922/863 870/929/870 869/927/869
f 863/922/863 864/923/864 871/930/871 870/929/870
f 864/923/864 865/924/865 872/931/872 871/930/871
f 865/924/865 866/925/866 873/932/873 872/931/872
f 866/925/866 867/926/867 874/933/874 873/932/873
f 868/928/868 869/927/869 876/934/876 875/935/875
f 869/927/869 870/929/870 877/936/877 876/934/876
f 870/929/870 871/930/871 878/937/878 877/936/877
f 871/930/871 872/931/872 879/938/879 878/937/878
f 872/931/872 873/932/873 880/939/880 879/938/879
f 873/932/873 874/933/874 881/940/881 880/939/880
f 391/805/391 468/941/468 833/892/833 475/942/475
f 468/941/468 467/943/467 834/893/834 833/892/833
f 467/943/467 466/944/466 835/896/835 834/893/834
f 466/944/466 465/945/465 836/898/836 835/896/835
f 465/945/465 464/946/464 837/900/837 836/898/836
f 464/946/464 463/947/463 838/902/838 837/900/837
f 463/947/463 462/948/462 839/904/839 838/902/838
f 462/948/462 398/661/398 511/716/511 839/904/839
f 839/904/839 511/716/511 512/738/512 846/905/846
f 846/905/846 512/738/512 513/737/513 853/912/853
f 853/912/853 513/737/513 514/736/514 860/919/860
f 860/919/860 514/736/514 515/735/515 867/926/867
f 867/926/867 515/735/515 516/734/516 874/933/874
f 874/933/874 516/734/516 517/732/517 881/940/881
f 881/940/881 517/732/517 395/733/395 489/949/489
f 880/939/880 881/940/881 489/949/489 488/950/488
f 879/938/879 880/939/880 488/950/488 487/951/487
f 878/937/878 879/938/879 487/951/487 486/952/486
f 877/936/877 878/937/878 486/952/486 485/953/485
f 876/934/876 877/936/877 485/953/485 484/954/484
f 875/935/875 876/934/876 484/954/484 483/955/483
f 469/956/469 875/935/875 483/955/483 387/957/387
f 470/958/470 868/928/868 875/935/875 469/956/469
f 471/959/471 861/921/861 868/928/868 470/958/470
f 472/960/472 854/914/854 861/921/861 471/959/471
f 473/961/473 847/907/847 854/914/854 472/960/472
f 474/962/474 840/895/840 847/907/847 473/961/473
f 475/942/475 833/892/833 840/895/840 474/962/474
f 882/963/882 883/964/883 890/965/890 889/966/889
f 883/964/883 884/967/884 891/968/891 890/965/890
f 884/967/884 885/969/885 892/970/892 891/968/891
f 885/969/885 886/971/886 893/972/893 892/970/892
f 886/971/886 887/973/887 894/974/894 893/972/893
f 887/973/887 888/975/888 895/976/895 894/974/894
f 889/966/889 890/965/890 897/977/897 896/978/896
f 890/965/890 891/968/891 898/979/898 897/977/897
f 891/968/891 892/970/892 899/980/899 898/979/898
f 892/970/892 893/972/893 900/981/900 899/980/899
f 893/972/893 894/974/894 901/982/901 900/981/900
f 894/974/894 895/976/895 902/983/902 901/982/901
f 896/978/896 897/977/897 904/984/904 903/985/903
f 897/977/897 898/979/898 905/986/905 904/984/904
f 898/979/898 899/980/899 906/987/906 905/986/905
f 899/980/899 900/981/900 907/988/907 906/987/906
f 900/981/900 901/982/901 908/989/908 907/988/907
f 901/982/901 902/983/902 909/990/909 908/989/908
f 903/985/903 904/984/904 911/991/911 910/992/910
f 904/984/904 905/986/905 912/993/912 911/991/911
f 905/986/905 906/987/906 913/994/913 912/993/912
f 906/987/906 907/988/907 914/995/914 913/994/913
f 907/988/907 908/989/908 915/996/915 914/995/914
f 908/989/908 909/990/909 916/997/916 915/996/915
f 910/992/910 911/991/911 918/998/918 917/999/917
f 911/991/911 912/993/912 919/1000/919 918/998/918
f 912/993/912 913/994/913 920/1001/920 919/1000/919
f 913/994/913 914/995/914 921/1002/921 920/1001/920
f 914/995/914 915/996/915 922/1003/922 921/1002/921
f 915/996/915 916/997/916 923/1004/923 922/1003/922
f 917/999/917 918/998/918 925/1005/925 924/1006/924
f 918/998/918 919/1000/919 926/1007/926 925/1005/925
f 919/1000/919 920/1001/920 927/1008/927 926/1007/926
f 920/1001/920 921/1002/921 928/1009/928 927/1008/927
f 921/1002/921 922/1003/922 929/1010/929 928/1009/928
f 922/1003/922 923/1004/923 930/1011/930 929/1010/929
f 393/797/393 447/1012/447 882/963/882 454/798/454
f 447/1012/447 446/1013/446 883/964/883 882/963/882
f 446/1013/446 445/1014/445 884/967/884 883/964/883
f 445/1014/445 444/1015/444 885/969/885 884/967/884
f 444/1015/444 443/1016/443 886/971/886 885/969/885
f 443/1016/443 442/1017/442 887/973/887 886/971/886
f 442/1017/442 441/1018/441 888/975/888 887/973/887
f 441/1018/441 397/589/397 518/644/518 888/975/888
f 888/975/888 518/644/518 519/666/519 895/976/895
f 895/976/895 519/666/519 520/665/520 902/983/902
f 902/983/902 520/665/520 521/664/521 909/990/909
f 909/990/909 521/664/521 522/663/522 916/997/916
f 916/997/916 522/663/522 523/662/523 923/1004/923
f 923/1004/923 523/662/523 524/660/524 930/1011/930
f 930/1011/930 524/660/524 398/661/398 462/948/462
f 929/1010/929 930/1011/930 462/948/462 463/947/463
f 928/1009/928 929/1010/929 463/947/463 464/946/464
f 927/1008/927 928/1009/928 464/946/464 465/945/465
f 926/1007/926 927/1008/927 465/945/465 466/944/466
f 925/1005/925 926/1007/926 466/944/466 467/943/467
f 924/1006/924 925/1005/925 467/943/467 468/941/468
f 448/804/448 924/1006/924 468/941/468 391/805/391
f 449/803/449 917/999/917 924/1006/924 448/804/448
f 450/802/450 910/992/910 917/999/917 449/803/449
f 451/801/451 903/985/903 910/992/910 450/802/450
f 452/800/452 896/978/896 903/985/903 451/801/451
f 453/799/453 889/966/889 896/978/896 452/800/452
f 454/798/454 882/963/882 889/966/889 453/799/453
f 931/1019/931 932/1020/932 939/1021/939 938/1022/938
f 932/1020/932 933/1023/933 940/1024/940 939/1021/939
f 933/1023/933 934/1025/934 941/1026/941 940/1024/940
f 934/1025/934 935/1027/935 942/1028/942 941/1026/941
f 935/1027/935 936/1029/936 943/1030/943 942/1028/942
f 936/1029/936 937/1031/937 944/1032/944 943/1030/943
f 938/1022/938 939/1021/939 946/1033/946 945/1034/945
f 939/1021/939 940/1024/940 947/1035/947 946/1033/946
f 940/1024/940 941/1026/941 948/1036/948 947/1035/947
f 941/1026/941 942/1028/942 949/1037/949 948/1036/948
f 942/1028/942 943/1030/943 950/1038/950 949/1037/949
f 943/1030/943 944/1032/944 951/1039/951 950/1038/950
f 945/1034/945 946/1033/946 953/1040/953 952/1041/952
f 946/1033/946 947/1035/947 954/1042/954 953/1040/953
f 947/1035/947 948/1036/948 955/1043/955 954/1042/954
f 948/1036/948 949/1037/949 956/1044/956 955/1043/955
f 949/1037/949 950/1038/950 957/1045/957 956/1044/956
f 950/1038/950 951/1039/951 958/1046/958 957/1045/957
f 952/1041/952 953/1040/953 960/1047/960 959/1048/959
f 953/1040/953 954/1042/954 961/1049/961 960/1047/960
f 954/1042/954 955/1043/955 962/1050/962 961/1049/961
f 955/1043/955 956/1044/956 963/1051/963 962/1050/962
f 956/1044/956 957/1045/957 964/1052/964 963/1051/963
f 957/1045/957 958/1046/958 965/1053/965 964/1052/964
f 959/1048/959 960/1047/960 967/1054/967 966/1055/966
f 960/1047/960 961/1049/961 968/1056/968 967/1054/967
f 961/1049/961 962/1050/962 969/1057/969 968/1056/968
f 962/1050/962 963/1051/963 970/1058/970 969/1057/969
f 963/1051/963 964/1052/964 971/1059/971 970/1058/970
f 964/1052/964 965/1053/965 972/1060/972 971/1059/971
f 966/1055/966 967/1054/967 974/1061/974 973/1062/973
f 967/1054/967 968/1056/968 975/1063/975 974/1061/974
f 968/1056/968 969/1057/969 976/1064/976 975/1063/975
f 969/1057/969 970/1058/970 977/1065/977 976/1064/976
f 970/1058/970 971/1059/971 978/1066/978 977/1065/977
f 971/1059/971 972/1060/972 979/1067/979 978/1066/978
f 389/1068/389 426/1069/426 931/1019/931 433/1070/433
f 426/1069/426 425/1071/425 932/1020/932 931/1019/931
f 425/1071/425 424/1072/424 933/1023/933 932/1020/932
f 424/1072/424 423/1073/423 934/1025/934 933/1023/933
f 423/1073/423 422/1074/422 935/1027/935 934/1025/934
f 422/1074/422 421/1075/421 936/1029/936 935/1027/935
f 421/1075/421 420/1076/420 937/1031/937 936/1029/936
f 420/1076/420 396/517/396 525/572/525 937/1031/937
f 937/1031/937 525/572/525 526/594/526 944/1032/944
f 944/1032/944 526/594/526 527/593/527 951/1039/951
f 951/1039/951 527/593/527 528/592/528 958/1046/958
f 958/1046/958 528/592/528 529/591/529 965/1053/965
f 965/1053/965 529/591/529 530/590/530 972/1060/972
f 972/1060/972 530/590/530 531/588/531 979/1067/979
f 979/1067/979 531/588/531 397/589/397 441/1018/441
f 978/1066/978 979/1067/979 441/1018/441 442/1017/442
f 977/1065/977 978/1066/978 442/1017/442 443/1016/443
f 976/1064/976 977/1065/977 443/1016/443 444/1015/444
f 975/1063/975 976/1064/976 444/1015/444 445/1014/445
f 974/1061/974 975/1063/975 445/1014/445 446/1013/446
f 973/1062/973 974/1061/974 446/1013/446 447/1012/447
f 427/1077/427 973/1062/973 447/1012/447 393/797/393
f 428/1078/428 966/1055/966 973/1062/973 427/1077/427
f 429/1079/429 959/1048/959 966/1055/966 428/1078/428
f 430/1080/430 952/1041/952 959/1048/959 429/1079/429
f 431/1081/431 945/1034/945 952/1041/952 430/1080/430
f 432/1082/432 938/1022/938 945/1034/945 431/1081/431
f 433/1070/433 931/1019/931 938/1022/938 432/1082/432
f 980/1083/980 981/1084/981 988/1085/988 987/1086/987
f 981/1084/981 982/1087/982 989/1088/989 988/1085/988
f 982/1087/982 983/1089/983 990/1090/990 989/1088/989
f 983/1089/983 984/1091/984 991/1092/991 990/1090/990
f 984/1091/984 985/1093/985 992/1094/992 991/1092/991
f 985/1093/985 986/1095/986 993/1096/993 992/1094/992
f 987/1086/987 988/1085/988 995/1097/995 994/1098/994
f 988/1085/988 989/1088/989 996/1099/996 995/1097/995
f 989/1088/989 990/1090/990 997/1100/997 996/1099/996
f 990/1090/990 991/1092/991 998/1101/998 997/1100/997
f 991/1092/991 992/1094/992 999/1102/999 998/1101/998
f 992/1094/992 993/1096/993 1000/1103/1000 999/1102/999
f 994/1098/994 995/1097/995 1002/1104/1002 1001/1105/1001
f 995/1097/995 996/1099/996 1003/1106/1003 1002/1104/1002
f 996/1099/996 997/1100/997 1004/1107/1004 1003/1106/1003
f 997/1100/997 998/1101/998 1005/1108/1005 1004/1107/1004
f 998/1101/998 999/1102/999 1006/1109/1006 1005/1108/1005
f 999/1102/999 1000/1103/1000 1007/1110/1007 1006/1109/1006
f 1001/1105/1001 1002/1104/1002 1009/1111/1009 1008/1112/1008
f 1002/1104/1002 1003/1106/1003 1010/1113/1010 1009/1111/1009
f 1003/1106/1003 1004/1107/1004 1011/1114/1011 1010/1113/1010
f 1004/1107/1004 1005/1108/1005 1012/1115/1012 1011/1114/1011
f 1005/1108/1005 1006/1109/1006 1013/1116/1013 1012/1115/1012
f 1006/1109/1006 1007/1110/1007 1014/1117/1014 1013/1116/1013
f 1008/1112/1008 1009/1111/1009 1016/1118/1016 1015/1119/1015
f 1009/1111/1009 1010/1113/1010 1017/1120/1017 1016/1118/1016
f 1010/1113/1010 1011/1114/1011 1018/1121/1018 1017/1120/1017
f 1011/1114/1011 1012/1115/1012 1019/1122/1019 1018/1121/1018
f 1012/1115/1012 1013/1116/1013 1020/1123/1020 1019/1122/1019
f 1013/1116/1013 1014/1117/1014 1021/1124/1021 1020/1123/1020
f 1015/1119/1015 1016/1118/1016 1023/1125/1023 1022/1126/1022
f 1016/1118/1016 1017/1120/1017 1024/1127/1024 1023/1125/1023
f 1017/1120/1017 1018/1121/1018 1025/1128/1025 1024/1127/1024
f 1018/1121/1018 1019/1122/1019 1026/1129/1026 1025/1128/1025
f 1019/1122/1019 1020/1123/1020 1027/1130/1027 1026/1129/1026
f 1020/1123/1020 1021/1124/1021 1028/1131/1028 1027/1130/1027
f 387/1132/387 483/1133/483 980/1083/980 405/1134/405
f 483/1133/483 484/1135/484 981/1084/981 980/1083/980
f 484/1135/484 485/1136/485 982/1087/982 981/1084/981
f 485/1136/485 486/1137/486 983/1089/983 982/1087/982
f 486/1137/486 487/1138/487 984/1091/984 983/1089/983
f 487/1138/487 488/1139/488 985/1093/985 984/1091/984
f 488/1139/488 489/1140/489 986/1095/986 985/1093/985
f 489/1140/489 395/491/395 532/493/532 986/1095/986
f 986/1095/986 532/493/532 533/522/533 993/1096/993
f 993/1096/993 533/522/533 534/521/534 1000/1103/1000
f 1000/1103/1000 534/521/534 535/520/535 1007/1110/1007
f 1007/1110/1007 535/520/535 536/519/536 1014/1117/1014
f 1014/1117/1014 536/519/536 537/518/537 1021/1124/1021
f 1021/1124/1021 537/518/537 538/516/538 1028/1131/1028
f 1028/1131/1028 538/516/538 396/517/396 420/1076/420
f 1027/1130/1027 1028/1131/1028 420/1076/420 421/1075/421
f 1026/1129/1026 1027/1130/1027 421/1075/421 422/1074/422
f 1025/1128/1025 1026/1129/1026 422/1074/422 423/1073/423
f 1024/1127/1024 1025/1128/1025 423/1073/423 424/1072/424
f 1023/1125/1023 1024/1127/1024 424/1072/424 425/1071/425
f 1022/1126/1022 1023/1125/1023 425/1071/425 426/1069/426
f 399/1141/399 1022/1126/1022 426/1069/426 389/1068/389
f 400/1142/400 1015/1119/1015 1022/1126/1022 399/1141/399
f 401/1143/401 1008/1112/1008 1015/1119/1015 400/1142/400
f 402/1144/402 1001/1105/1001 1008/1112/1008 401/1143/401
f 403/1145/403 994/1098/994 1001/1105/1001 402/1144/402
f 404/1146/404 987/1086/987 994/1098/994 403/1145/403
f 405/1134/405 980/1083/980 987/1086/987 404/1146/404
o 立方体.001
v -0.350665 -1.035136 -0.326766
v -0.287085 -0.665717 -0.364842
v -0.350665 -1.035136 -0.746771
v -0.287085 -0.665717 -0.708695
v 0.350665 -1.035136 -0.326766
v 0.287085 -0.665717 -0.364842
v 0.350665 -1.035136 -0.746771
v 0.287085 -0.665717 -0.708695
v -0.446360 -0.908693 -0.269457
v -0.446360 -0.908692 -0.804080
v 0.446360 -0.908692 -0.804080
v 0.446360 -0.908692 -0.269457
v -0.375294 -1.037005 -0.712687
v -0.401815 -1.039017 -0.661363
v -0.420542 -1.040438 -0.601197
v -0.427508 -1.040967 -0.536768
v -0.420543 -1.040438 -0.472339
v -0.401815 -1.039017 -0.412174
v -0.375294 -1.037004 -0.360849
v -0.437298 -0.876005 -0.274884
v -0.425525 -0.840638 -0.281934
v -0.410314 -0.804285 -0.291044
v -0.390942 -0.768635 -0.302645
v -0.367034 -0.735327 -0.316963
v -0.339626 -0.705775 -0.333376
v -0.310691 -0.681484 -0.350705
v -0.305350 -0.658938 -0.393099
v -0.324834 -0.651637 -0.435252
v -0.338450 -0.646482 -0.484346
v -0.343471 -0.644565 -0.536768
v -0.338450 -0.646482 -0.589190
v -0.324834 -0.651637 -0.638285
v -0.305350 -0.658938 -0.680437
v -0.453043 -0.937331 -0.808082
v -0.456110 -0.961830 -0.809919
v -0.453932 -0.982420 -0.808615
v -0.444882 -0.999332 -0.803195
v -0.427872 -1.012811 -0.793008
v -0.403987 -1.023164 -0.778704
v -0.375566 -1.030673 -0.761683
v 0.293752 -1.037004 -0.761521
v 0.208050 -1.039017 -0.777403
v 0.107585 -1.040438 -0.788619
v -0.000000 -1.040967 -0.792790
v -0.107585 -1.040438 -0.788619
v -0.208050 -1.039017 -0.777403
v -0.293752 -1.037004 -0.761521
v -0.239900 -0.658938 -0.719633
v -0.169514 -0.651637 -0.731302
v -0.087535 -0.646482 -0.739456
v 0.000000 -0.644565 -0.742463
v 0.087535 -0.646482 -0.739456
v 0.169514 -0.651637 -0.731302
v 0.239900 -0.658938 -0.719633
v 0.453043 -0.937331 -0.808082
v 0.456110 -0.961830 -0.809919
v 0.453932 -0.982420 -0.808615
v 0.444882 -0.999332 -0.803195
v 0.427872 -1.012811 -0.793008
v 0.403987 -1.023164 -0.778704
v 0.375566 -1.030673 -0.761683
v 0.375294 -1.037004 -0.360849
v 0.401815 -1.039017 -0.412174
v 0.420543 -1.040438 -0.472339
v 0.427508 -1.040967 -0.536768
v 0.420543 -1.040438 -0.601197
v 0.401815 -1.039017 -0.661363
v 0.375294 -1.037004 -0.712687
v 0.305350 -0.658938 -0.680437
v 0.324834 -0.651637 -0.638285
v 0.338450 -0.646482 -0.589190
v 0.343471 -0.644565 -0.536768
v 0.338450 -0.646482 -0.484346
v 0.324834 -0.651637 -0.435252
v 0.305350 -0.658938 -0.393099
v 0.453043 -0.937331 -0.265455
v 0.456110 -0.961830 -0.263618
v 0.453932 -0.982420 -0.264922
v 0.444882 -0.999332 -0.270342
v 0.427872 -1.012811 -0.280529
v 0.403987 -1.023164 -0.294833
v 0.375566 -1.030673 -0.311853
v -0.293752 -1.037004 -0.312016
v -0.208050 -1.039017 -0.296133
v -0.107585 -1.040438 -0.284918
v 0.000000 -1.040967 -0.280746
v 0.107585 -1.040438 -0.284918
v 0.208050 -1.039017 -0.296133
v 0.293752 -1.037004 -0.312016
v 0.239900 -0.658938 -0.353904
v 0.169514 -0.651637 -0.342235
v 0.087535 -0.646482 -0.334081
v 0.000000 -0.644565 -0.331074
v -0.087535 -0.646482 -0.334081
v -0.169514 -0.651637 -0.342235
v -0.239900 -0.658938 -0.353904
v -0.375566 -1.030673 -0.311853
v -0.403987 -1.023164 -0.294833
v -0.427872 -1.012811 -0.280529
v -0.444882 -0.999332 -0.270342
v -0.453932 -0.982420 -0.264922
v -0.456110 -0.961830 -0.263618
v -0.453043 -0.937331 -0.265455
v -0.310691 -0.681484 -0.722832
v -0.339626 -0.705775 -0.740160
v -0.367034 -0.735327 -0.756574
v -0.390942 -0.768635 -0.770892
v -0.410314 -0.804285 -0.782493
v -0.425525 -0.840638 -0.791602
v -0.437298 -0.876005 -0.798653
v 0.310691 -0.681484 -0.722832
v 0.339626 -0.705775 -0.740160
v 0.367034 -0.735327 -0.756574
v 0.390942 -0.768635 -0.770892
v 0.410314 -0.804285 -0.782493
v 0.425525 -0.840638 -0.791602
v 0.437298 -0.876005 -0.798653
v 0.310691 -0.681484 -0.350705
v 0.339626 -0.705775 -0.333376
v 0.367034 -0.735327 -0.316963
v 0.390942 -0.768635 -0.302645
v 0.410314 -0.804285 -0.291044
v 0.425525 -0.840638 -0.281934
v 0.437298 -0.876005 -0.274884
v 0.353078 -0.908692 -0.225601
v 0.244103 -0.908693 -0.194275
v 0.124667 -0.908692 -0.175480
v -0.000000 -0.908692 -0.169215
v -0.124667 -0.908693 -0.175480
v -0.244103 -0.908693 -0.194275
v -0.353078 -0.908693 -0.225601
v 0.519591 -0.908692 -0.748216
v 0.571899 -0.908693 -0.682954
v 0.603284 -0.908692 -0.611428
v 0.613745 -0.908692 -0.536768
v 0.603284 -0.908692 -0.462109
v 0.571899 -0.908693 -0.390582
v 0.519591 -0.908693 -0.325321
v -0.353078 -0.908692 -0.847936
v -0.244103 -0.908693 -0.879261
v -0.124667 -0.908692 -0.898057
v -0.000000 -0.908692 -0.904322
v 0.124667 -0.908692 -0.898057
v 0.244103 -0.908693 -0.879261
v 0.353078 -0.908693 -0.847936
v -0.519591 -0.908692 -0.325321
v -0.571899 -0.908692 -0.390582
v -0.603284 -0.908692 -0.462109
v -0.613745 -0.908692 -0.536768
v -0.603284 -0.908692 -0.611428
v -0.571899 -0.908693 -0.682954
v -0.519591 -0.908693 -0.748216
v -0.509038 -0.876000 -0.329612
v -0.495303 -0.840597 -0.335180
v -0.477514 -0.804147 -0.342360
v -0.454802 -0.768309 -0.351488
v -0.426483 -0.734670 -0.362642
v -0.392615 -0.704511 -0.374873
v -0.353076 -0.678987 -0.386465
v -0.560279 -0.875988 -0.393549
v -0.545127 -0.840508 -0.397394
v -0.525457 -0.803845 -0.402347
v -0.500283 -0.767593 -0.408635
v -0.468647 -0.733243 -0.416256
v -0.429715 -0.701878 -0.424276
v -0.382441 -0.674430 -0.431332
v -0.591022 -0.875977 -0.463624
v -0.575012 -0.840418 -0.465586
v -0.554190 -0.803542 -0.468113
v -0.527492 -0.766876 -0.471318
v -0.493824 -0.731846 -0.475182
v -0.451967 -0.699489 -0.479141
v -0.400642 -0.670732 -0.482471
v -0.601270 -0.875972 -0.536768
v -0.584971 -0.840377 -0.536768
v -0.563757 -0.803405 -0.536768
v -0.536538 -0.766550 -0.536768
v -0.502185 -0.731220 -0.536768
v -0.459428 -0.698469 -0.536768
v -0.406959 -0.669262 -0.536768
v -0.591022 -0.875977 -0.609913
v -0.575012 -0.840418 -0.607950
v -0.554190 -0.803542 -0.605424
v -0.527492 -0.766876 -0.602219
v -0.493824 -0.731846 -0.598355
v -0.451967 -0.699489 -0.594395
v -0.400642 -0.670732 -0.591066
v -0.560279 -0.875988 -0.679988
v -0.545127 -0.840508 -0.676143
v -0.525457 -0.803845 -0.671190
v -0.500283 -0.767593 -0.664901
v -0.468647 -0.733243 -0.657281
v -0.429715 -0.701878 -0.649260
v -0.382441 -0.674430 -0.642205
v -0.509038 -0.876000 -0.743925
v -0.495303 -0.840597 -0.738357
v -0.477514 -0.804147 -0.731176
v -0.454802 -0.768309 -0.722048
v -0.426483 -0.734670 -0.710894
v -0.392615 -0.704511 -0.698664
v -0.353076 -0.678987 -0.687072
v -0.345912 -0.876000 -0.841616
v -0.336614 -0.840597 -0.833390
v -0.324625 -0.804147 -0.822737
v -0.309383 -0.768309 -0.809135
v -0.290758 -0.734670 -0.792176
v -0.270335 -0.704511 -0.771894
v -0.250978 -0.678987 -0.748215
v -0.239150 -0.875988 -0.872302
v -0.232729 -0.840508 -0.863228
v -0.224459 -0.803845 -0.851449
v -0.213958 -0.767593 -0.836372
v -0.201233 -0.733243 -0.817427
v -0.187840 -0.701878 -0.794111
v -0.176059 -0.674430 -0.765800
v -0.122138 -0.875977 -0.890714
v -0.118860 -0.840418 -0.881126
v -0.114642 -0.803542 -0.868656
v -0.109290 -0.766876 -0.852667
v -0.102838 -0.731846 -0.832505
v -0.096227 -0.699489 -0.807438
v -0.090666 -0.670732 -0.776701
v 0.000000 -0.875972 -0.896850
v 0.000000 -0.840377 -0.887090
v 0.000000 -0.803405 -0.874385
v -0.000000 -0.766550 -0.858084
v -0.000000 -0.731220 -0.837512
v -0.000000 -0.698469 -0.811906
v -0.000000 -0.669262 -0.780484
v 0.122138 -0.875977 -0.890714
v 0.118860 -0.840418 -0.881126
v 0.114642 -0.803542 -0.868656
v 0.109290 -0.766876 -0.852667
v 0.102838 -0.731846 -0.832505
v 0.096227 -0.699489 -0.807438
v 0.090666 -0.670732 -0.776701
v 0.239150 -0.875988 -0.872302
v 0.232729 -0.840508 -0.863228
v 0.224459 -0.803845 -0.851449
v 0.213958 -0.767593 -0.836372
v 0.201233 -0.733243 -0.817427
v 0.187840 -0.701878 -0.794111
v 0.176059 -0.674430 -0.765801
v 0.345912 -0.876000 -0.841616
v 0.336614 -0.840597 -0.833390
v 0.324625 -0.804147 -0.822737
v 0.309383 -0.768309 -0.809135
v 0.290758 -0.734670 -0.792176
v 0.270335 -0.704511 -0.771894
v 0.250978 -0.678987 -0.748215
v 0.509038 -0.876000 -0.743925
v 0.495302 -0.840597 -0.738356
v 0.477514 -0.804147 -0.731176
v 0.454802 -0.768309 -0.722048
v 0.426483 -0.734670 -0.710894
v 0.392615 -0.704511 -0.698664
v 0.353076 -0.678987 -0.687072
v 0.560279 -0.875988 -0.679988
v 0.545127 -0.840508 -0.676143
v 0.525457 -0.803845 -0.671190
v 0.500283 -0.767593 -0.664901
v 0.468647 -0.733243 -0.657281
v 0.429715 -0.701878 -0.649260
v 0.382441 -0.674430 -0.642205
v 0.591022 -0.875977 -0.609913
v 0.575012 -0.840418 -0.607950
v 0.554190 -0.803542 -0.605424
v 0.527492 -0.766876 -0.602219
v 0.493824 -0.731846 -0.598355
v 0.451967 -0.699489 -0.594395
v 0.400642 -0.670732 -0.591066
v 0.601270 -0.875972 -0.536768
v 0.584971 -0.840377 -0.536768
v 0.563757 -0.803405 -0.536768
v 0.536538 -0.766550 -0.536768
v 0.502185 -0.731220 -0.536768
v 0.459428 -0.698469 -0.536768
v 0.406959 -0.669262 -0.536768
v 0.591022 -0.875977 -0.463624
v 0.575012 -0.840418 -0.465586
v 0.554190 -0.803542 -0.468113
v 0.527492 -0.766876 -0.471318
v 0.493824 -0.731846 -0.475182
v 0.451967 -0.699489 -0.479141
v 0.400642 -0.670732 -0.482471
v 0.560279 -0.875988 -0.393549
v 0.545127 -0.840508 -0.397394
v 0.525457 -0.803845 -0.402347
v 0.500283 -0.767593 -0.408635
v 0.468647 -0.733243 -0.416256
v 0.429715 -0.701878 -0.424276
v 0.382441 -0.674430 -0.431332
v 0.509038 -0.876000 -0.329612
v 0.495303 -0.840597 -0.335180
v 0.477514 -0.804147 -0.342360
v 0.454802 -0.768309 -0.351488
v 0.426483 -0.734670 -0.362642
v 0.392615 -0.704511 -0.374873
v 0.353076 -0.678987 -0.386465
v 0.345912 -0.876000 -0.231921
v 0.336614 -0.840597 -0.240147
v 0.324625 -0.804147 -0.250800
v 0.309383 -0.768309 -0.264401
v 0.290758 -0.734670 -0.281361
v 0.270335 -0.704511 -0.301643
v 0.250978 -0.678987 -0.325322
v 0.239150 -0.875988 -0.201234
v 0.232729 -0.840508 -0.210308
v 0.224459 -0.803845 -0.222088
v 0.213958 -0.767593 -0.237164
v 0.201233 -0.733243 -0.256110
v 0.187840 -0.701878 -0.279425
v 0.176059 -0.674430 -0.307736
v 0.122138 -0.875977 -0.182823
v 0.118860 -0.840418 -0.192411
v 0.114642 -0.803542 -0.204881
v 0.109290 -0.766876 -0.220869
v 0.102838 -0.731846 -0.241032
v 0.096227 -0.699489 -0.266099
v 0.090666 -0.670732 -0.296836
v -0.000000 -0.875972 -0.176686
v -0.000000 -0.840377 -0.186447
v -0.000000 -0.803405 -0.199151
v 0.000000 -0.766550 -0.215452
v 0.000000 -0.731220 -0.236025
v 0.000000 -0.698469 -0.261631
v 0.000000 -0.669262 -0.293053
v -0.122138 -0.875977 -0.182823
v -0.118860 -0.840418 -0.192411
v -0.114642 -0.803542 -0.204881
v -0.109290 -0.766876 -0.220869
v -0.102838 -0.731846 -0.241032
v -0.096227 -0.699489 -0.266099
v -0.090666 -0.670732 -0.296836
v -0.239150 -0.875988 -0.201234
v -0.232729 -0.840508 -0.210308
v -0.224459 -0.803845 -0.222088
v -0.213958 -0.767593 -0.237164
v -0.201233 -0.733243 -0.256110
v -0.187840 -0.701878 -0.279425
v -0.176059 -0.674430 -0.307736
v -0.345912 -0.876000 -0.231921
v -0.336614 -0.840597 -0.240147
v -0.324625 -0.804147 -0.250800
v -0.309383 -0.768309 -0.264401
v -0.290758 -0.734670 -0.281361
v -0.270335 -0.704511 -0.301643
v -0.250978 -0.678987 -0.325322
v -0.302805 -1.041014 -0.718109
v -0.212491 -1.043871 -0.727998
v -0.109471 -1.045674 -0.736019
v -0.000000 -1.046309 -0.739206
v 0.109471 -1.045674 -0.736019
v 0.212491 -1.043871 -0.727998
v 0.302805 -1.041014 -0.718109
v -0.319317 -1.043871 -0.664023
v -0.221731 -1.047323 -0.669556
v -0.113556 -1.049422 -0.674559
v -0.000000 -1.050135 -0.676689
v 0.113556 -1.049422 -0.674559
v 0.221731 -1.047323 -0.669556
v 0.319317 -1.043871 -0.664023
v -0.332711 -1.045674 -0.602327
v -0.230085 -1.049422 -0.604774
v -0.117530 -1.051680 -0.607154
v 0.000000 -1.052435 -0.608217
v 0.117530 -1.051680 -0.607154
v 0.230085 -1.049422 -0.604774
v 0.332711 -1.045674 -0.602327
v -0.338033 -1.046309 -0.536768
v -0.233641 -1.050135 -0.536768
v -0.119307 -1.052435 -0.536768
v 0.000000 -1.053204 -0.536768
v 0.119307 -1.052435 -0.536768
v 0.233641 -1.050134 -0.536768
v 0.338033 -1.046309 -0.536768
v -0.332711 -1.045674 -0.471209
v -0.230085 -1.049422 -0.468763
v -0.117530 -1.051680 -0.466383
v 0.000000 -1.052435 -0.465319
v 0.117530 -1.051680 -0.466383
v 0.230085 -1.049422 -0.468763
v 0.332711 -1.045675 -0.471209
v -0.319317 -1.043871 -0.409514
v -0.221731 -1.047323 -0.403981
v -0.113556 -1.049422 -0.398977
v 0.000000 -1.050135 -0.396848
v 0.113556 -1.049422 -0.398977
v 0.221731 -1.047323 -0.403981
v 0.319317 -1.043871 -0.409514
v -0.302805 -1.041014 -0.355427
v -0.212491 -1.043871 -0.345539
v -0.109471 -1.045675 -0.337518
v 0.000000 -1.046309 -0.334331
v 0.109471 -1.045674 -0.337518
v 0.212491 -1.043871 -0.345539
v 0.302805 -1.041014 -0.355427
v 0.244405 -0.644392 -0.683135
v 0.170698 -0.634030 -0.689770
v 0.087713 -0.627487 -0.695291
v 0.000000 -0.625185 -0.697498
v -0.087713 -0.627487 -0.695291
v -0.170698 -0.634030 -0.689770
v -0.244405 -0.644392 -0.683135
v 0.255483 -0.634030 -0.638994
v 0.176239 -0.621509 -0.642312
v 0.089926 -0.613892 -0.645569
v 0.000000 -0.611308 -0.646997
v -0.089926 -0.613892 -0.645569
v -0.176239 -0.621509 -0.642312
v -0.255483 -0.634030 -0.638994
v 0.264703 -0.627487 -0.589297
v 0.181677 -0.613892 -0.590622
v 0.092405 -0.605703 -0.592107
v 0.000000 -0.602961 -0.592806
v -0.092405 -0.605703 -0.592107
v -0.181677 -0.613892 -0.590622
v -0.264703 -0.627487 -0.589297
v 0.268389 -0.625185 -0.536768
v 0.184062 -0.611308 -0.536768
v 0.093572 -0.602961 -0.536768
v -0.000000 -0.600173 -0.536768
v -0.093572 -0.602961 -0.536768
v -0.184062 -0.611308 -0.536768
v -0.268389 -0.625185 -0.536768
v 0.264703 -0.627487 -0.484239
v 0.181677 -0.613892 -0.482915
v 0.092405 -0.605703 -0.481430
v -0.000000 -0.602961 -0.480731
v -0.092405 -0.605703 -0.481430
v -0.181677 -0.613892 -0.482915
v -0.264703 -0.627487 -0.484240
v 0.255483 -0.634030 -0.434543
v 0.176239 -0.621509 -0.431224
v 0.089926 -0.613892 -0.427968
v -0.000000 -0.611308 -0.426539
v -0.089926 -0.613892 -0.427968
v -0.176239 -0.621509 -0.431224
v -0.255483 -0.634030 -0.434543
v 0.244405 -0.644392 -0.390401
v 0.170698 -0.634030 -0.383767
v 0.087713 -0.627487 -0.378246
v -0.000000 -0.625185 -0.376039
v -0.087713 -0.627487 -0.378246
v -0.170698 -0.634030 -0.383767
v -0.244405 -0.644392 -0.390401
v 0.303021 -1.031362 -0.280183
v 0.321043 -1.023512 -0.256325
v 0.338537 -1.012992 -0.238517
v 0.351842 -0.999421 -0.226553
v 0.359039 -0.982458 -0.220289
v 0.360782 -0.961841 -0.218794
v 0.358363 -0.937332 -0.220941
v 0.212640 -1.032618 -0.257623
v 0.222928 -1.024238 -0.228944
v 0.234126 -1.013385 -0.208467
v 0.243219 -0.999619 -0.195238
v 0.248212 -0.982541 -0.188393
v 0.249425 -0.961866 -0.186773
v 0.247757 -0.937335 -0.189145
v 0.109548 -1.033637 -0.243378
v 0.114169 -1.024897 -0.212292
v 0.119598 -1.013770 -0.190375
v 0.124207 -0.999817 -0.176426
v 0.126762 -0.982624 -0.169245
v 0.127384 -0.961890 -0.167557
v 0.126533 -0.937338 -0.170067
v -0.000000 -1.034042 -0.238367
v -0.000000 -1.025178 -0.206643
v -0.000000 -1.013943 -0.184322
v 0.000000 -0.999906 -0.170149
v -0.000000 -0.982662 -0.162860
v -0.000000 -0.961902 -0.161151
v -0.000000 -0.937340 -0.163708
v -0.109548 -1.033637 -0.243378
v -0.114169 -1.024897 -0.212292
v -0.119598 -1.013770 -0.190375
v -0.124207 -0.999817 -0.176426
v -0.126762 -0.982624 -0.169245
v -0.127384 -0.961890 -0.167557
v -0.126533 -0.937338 -0.170067
v -0.212640 -1.032618 -0.257623
v -0.222928 -1.024238 -0.228944
v -0.234126 -1.013385 -0.208467
v -0.243219 -0.999619 -0.195238
v -0.248212 -0.982541 -0.188393
v -0.249426 -0.961866 -0.186773
v -0.247757 -0.937335 -0.189145
v -0.303021 -1.031362 -0.280183
v -0.321043 -1.023512 -0.256325
v -0.338537 -1.012992 -0.238517
v -0.351842 -0.999421 -0.226553
v -0.359039 -0.982458 -0.220289
v -0.360782 -0.961841 -0.218794
v -0.358363 -0.937332 -0.220941
v 0.428449 -1.031362 -0.718239
v 0.468288 -1.023512 -0.729031
v 0.498023 -1.012992 -0.739508
v 0.518001 -0.999421 -0.747476
v 0.528461 -0.982458 -0.751786
v 0.530957 -0.961841 -0.752830
v 0.527372 -0.937332 -0.751381
v 0.466120 -1.032618 -0.664112
v 0.514009 -1.024238 -0.670273
v 0.548201 -1.013385 -0.676979
v 0.570292 -0.999619 -0.682425
v 0.581722 -0.982541 -0.685415
v 0.584427 -0.961866 -0.686142
v 0.580465 -0.937335 -0.685142
v 0.489907 -1.033637 -0.602373
v 0.541815 -1.024897 -0.605141
v 0.578412 -1.013770 -0.608392
v 0.601704 -0.999817 -0.611152
v 0.613695 -0.982624 -0.612682
v 0.616513 -0.961890 -0.613055
v 0.612322 -0.937338 -0.612545
v 0.498275 -1.034042 -0.536768
v 0.551247 -1.025178 -0.536768
v 0.588520 -1.013943 -0.536768
v 0.612186 -0.999906 -0.536768
v 0.624357 -0.982662 -0.536768
v 0.627210 -0.961902 -0.536768
v 0.622941 -0.937340 -0.536768
v 0.489907 -1.033637 -0.471163
v 0.541815 -1.024897 -0.468396
v 0.578412 -1.013770 -0.465145
v 0.601704 -0.999817 -0.462385
v 0.613695 -0.982624 -0.460855
v 0.616513 -0.961890 -0.460482
v 0.612322 -0.937338 -0.460992
v 0.466120 -1.032618 -0.409424
v 0.514009 -1.024238 -0.403264
v 0.548201 -1.013385 -0.396558
v 0.570292 -0.999619 -0.391112
v 0.581722 -0.982541 -0.388122
v 0.584427 -0.961866 -0.387395
v 0.580466 -0.937335 -0.388394
v 0.428449 -1.031362 -0.355298
v 0.468288 -1.023512 -0.344505
v 0.498023 -1.012992 -0.334029
v 0.518001 -0.999421 -0.326061
v 0.528461 -0.982458 -0.321750
v 0.530957 -0.961841 -0.320707
v 0.527372 -0.937332 -0.322156
v -0.303021 -1.031362 -0.793353
v -0.321043 -1.023512 -0.817212
v -0.338537 -1.012992 -0.835019
v -0.351842 -0.999421 -0.846984
v -0.359039 -0.982458 -0.853248
v -0.360782 -0.961841 -0.854742
v -0.358363 -0.937332 -0.852596
v -0.212640 -1.032618 -0.815913
v -0.222928 -1.024238 -0.844593
v -0.234126 -1.013385 -0.865069
v -0.243219 -0.999619 -0.878299
v -0.248212 -0.982541 -0.885144
v -0.249425 -0.961866 -0.886764
v -0.247757 -0.937335 -0.884392
v -0.109548 -1.033637 -0.830159
v -0.114169 -1.024897 -0.861245
v -0.119598 -1.013770 -0.883162
v -0.124207 -0.999817 -0.897111
v -0.126762 -0.982624 -0.904291
v -0.127384 -0.961890 -0.905979
v -0.126533 -0.937338 -0.903470
v 0.000000 -1.034042 -0.835170
v 0.000000 -1.025178 -0.866893
v 0.000000 -1.013943 -0.889215
v -0.000000 -0.999906 -0.903388
v -0.000000 -0.982662 -0.910677
v -0.000000 -0.961902 -0.912385
v 0.000000 -0.937340 -0.909829
v 0.109548 -1.033637 -0.830159
v 0.114169 -1.024897 -0.861245
v 0.119598 -1.013770 -0.883162
v 0.124207 -0.999817 -0.897111
v 0.126762 -0.982624 -0.904291
v 0.127384 -0.961890 -0.905979
v 0.126533 -0.937338 -0.903470
v 0.212640 -1.032618 -0.815913
v 0.222928 -1.024238 -0.844593
v 0.234126 -1.013385 -0.865069
v 0.243219 -0.999619 -0.878299
v 0.248212 -0.982541 -0.885144
v 0.249426 -0.961866 -0.886764
v 0.247757 -0.937335 -0.884392
v 0.303021 -1.031362 -0.793353
v 0.321043 -1.023512 -0.817212
v 0.338537 -1.012992 -0.835019
v 0.351842 -0.999421 -0.846984
v 0.359039 -0.982458 -0.853248
v 0.360782 -0.961841 -0.854742
v 0.358363 -0.937332 -0.852596
v -0.428449 -1.031362 -0.355298
v -0.468288 -1.023512 -0.344505
v -0.498023 -1.012992 -0.334029
v -0.518001 -0.999421 -0.326061
v -0.528461 -0.982458 -0.321750
v -0.530957 -0.961841 -0.320707
v -0.527372 -0.937332 -0.322156
v -0.466120 -1.032618 -0.409424
v -0.514009 -1.024238 -0.403264
v -0.548201 -1.013385 -0.396558
v -0.570292 -0.999619 -0.391112
v -0.581722 -0.982541 -0.388122
v -0.584427 -0.961866 -0.387395
v -0.580465 -0.937335 -0.388394
v -0.489907 -1.033637 -0.471163
v -0.541815 -1.024897 -0.468396
v -0.578412 -1.013770 -0.465145
v -0.601704 -0.999817 -0.462385
v -0.613694 -0.982624 -0.460855
v -0.616513 -0.961890 -0.460482
v -0.612322 -0.937338 -0.460992
v -0.498275 -1.034042 -0.536768
v -0.551247 -1.025178 -0.536768
v -0.588520 -1.013943 -0.536768
v -0.612186 -0.999906 -0.536768
v -0.624357 -0.982662 -0.536768
v -0.627210 -0.961902 -0.536768
v -0.622941 -0.937340 -0.536768
v -0.489907 -1.033637 -0.602373
v -0.541815 -1.024897 -0.605141
v -0.578412 -1.013770 -0.608392
v -0.601704 -0.999817 -0.611152
v -0.613695 -0.982624 -0.612682
v -0.616513 -0.961890 -0.613055
v -0.612322 -0.937338 -0.612545
v -0.466120 -1.032618 -0.664112
v -0.514009 -1.024238 -0.670273
v -0.548201 -1.013385 -0.676979
v -0.570292 -0.999619 -0.682425
v -0.581722 -0.982541 -0.685415
v -0.584427 -0.961866 -0.686142
v -0.580466 -0.937335 -0.685142
v -0.428449 -1.031362 -0.718239
v -0.468288 -1.023512 -0.729031
v -0.498023 -1.012992 -0.739508
v -0.518001 -0.999421 -0.747476
v -0.528461 -0.982458 -0.751786
v -0.530957 -0.961841 -0.752829
v -0.527372 -0.937332 -0.751381
vn -0.0760 -0.9890 0.1268
vn -0.2580 0.8648 0.4308
vn -0.0760 -0.9890 -0.1268
vn -0.2580 0.8648 -0.4308
vn 0.0760 -0.9890 0.1268
vn 0.2580 0.8648 0.4308
vn 0.0760 -0.9890 -0.1268
vn 0.2580 0.8648 -0.4308
vn -0.4970 0.2535 0.8299
vn -0.4970 0.2535 -0.8299
vn 0.4970 0.2535 -0.8299
vn 0.4970 0.2535 0.8299
vn -0.0782 -0.9923 -0.0959
vn -0.0785 -0.9949 -0.0635
vn -0.0789 -0.9964 -0.0322
vn -0.0790 -0.9969 -0.0000
vn -0.0789 -0.9964 0.0322
vn -0.0785 -0.9949 0.0635
vn -0.0782 -0.9923 0.0959
vn -0.4903 0.2988 0.8187
vn -0.4795 0.3594 0.8006
vn -0.4610 0.4415 0.7698
vn -0.4321 0.5410 0.7215
vn -0.3939 0.6421 0.6577
vn -0.3495 0.7329 0.5836
vn -0.3021 0.8089 0.5044
vn -0.2749 0.9002 0.3378
vn -0.2893 0.9284 0.2330
vn -0.2989 0.9466 0.1208
vn -0.3023 0.9532 -0.0000
vn -0.2989 0.9466 -0.1208
vn -0.2893 0.9284 -0.2330
vn -0.2749 0.9002 -0.3378
vn -0.5053 0.1807 -0.8438
vn -0.5138 0.0102 -0.8579
vn -0.4891 -0.3065 -0.8166
vn -0.3847 -0.6628 -0.6424
vn -0.2562 -0.8668 -0.4278
vn -0.1642 -0.9475 -0.2742
vn -0.1077 -0.9778 -0.1799
vn 0.0573 -0.9898 -0.1303
vn 0.0379 -0.9907 -0.1306
vn 0.0192 -0.9912 -0.1310
vn -0.0000 -0.9914 -0.1312
vn -0.0192 -0.9912 -0.1310
vn -0.0379 -0.9907 -0.1306
vn -0.0573 -0.9898 -0.1303
vn -0.1963 0.8735 -0.4454
vn -0.1321 0.8793 -0.4576
vn -0.0674 0.8826 -0.4653
vn -0.0000 0.8837 -0.4680
vn 0.0674 0.8826 -0.4653
vn 0.1321 0.8793 -0.4576
vn 0.1963 0.8735 -0.4454
vn 0.5053 0.1807 -0.8438
vn 0.5138 0.0102 -0.8579
vn 0.4891 -0.3065 -0.8166
vn 0.3847 -0.6628 -0.6424
vn 0.2562 -0.8668 -0.4278
vn 0.1642 -0.9475 -0.2742
vn 0.1077 -0.9778 -0.1799
vn 0.0782 -0.9923 0.0959
vn 0.0785 -0.9949 0.0635
vn 0.0789 -0.9964 0.0322
vn 0.0790 -0.9969 -0.0000
vn 0.0789 -0.9964 -0.0322
vn 0.0785 -0.9949 -0.0635
vn 0.0782 -0.9923 -0.0959
vn 0.2749 0.9002 -0.3378
vn 0.2893 0.9284 -0.2330
vn 0.2989 0.9466 -0.1208
vn 0.3023 0.9532 -0.0000
vn 0.2989 0.9466 0.1208
vn 0.2893 0.9284 0.2330
vn 0.2749 0.9002 0.3378
vn 0.5053 0.1807 0.8438
vn 0.5138 0.0102 0.8579
vn 0.4891 -0.3065 0.8166
vn 0.3847 -0.6628 0.6424
vn 0.2562 -0.8668 0.4278
vn 0.1642 -0.9475 0.2742
vn 0.1077 -0.9778 0.1799
vn -0.0573 -0.9898 0.1303
vn -0.0379 -0.9907 0.1306
vn -0.0192 -0.9912 0.1310
vn -0.0000 -0.9914 0.1312
vn 0.0192 -0.9912 0.1310
vn 0.0379 -0.9907 0.1306
vn 0.0573 -0.9898 0.1303
vn 0.1963 0.8735 0.4454
vn 0.1321 0.8793 0.4576
vn 0.0674 0.8826 0.4653
vn -0.0000 0.8837 0.4680
vn -0.0674 0.8826 0.4653
vn -0.1321 0.8793 0.4576
vn -0.1963 0.8735 0.4454
vn -0.1077 -0.9778 0.1799
vn -0.1642 -0.9475 0.2742
vn -0.2562 -0.8668 0.4278
vn -0.3847 -0.6628 0.6424
vn -0.4891 -0.3065 0.8166
vn -0.5138 0.0102 0.8579
vn -0.5053 0.1807 0.8438
vn -0.3021 0.8089 -0.5044
vn -0.3495 0.7329 -0.5836
vn -0.3939 0.6421 -0.6577
vn -0.4321 0.5410 -0.7215
vn -0.4610 0.4415 -0.7698
vn -0.4795 0.3594 -0.8006
vn -0.4903 0.2988 -0.8187
vn 0.3021 0.8089 -0.5044
vn 0.3495 0.7329 -0.5836
vn 0.3939 0.6421 -0.6577
vn 0.4321 0.5410 -0.7215
vn 0.4610 0.4415 -0.7698
vn 0.4795 0.3594 -0.8006
vn 0.4903 0.2988 -0.8187
vn 0.3021 0.8089 0.5044
vn 0.3495 0.7329 0.5836
vn 0.3939 0.6421 0.6577
vn 0.4321 0.5410 0.7215
vn 0.4610 0.4415 0.7698
vn 0.4795 0.3594 0.8006
vn 0.4903 0.2988 0.8187
vn 0.3397 0.2307 0.9118
vn 0.2099 0.2160 0.9536
vn 0.1002 0.2081 0.9730
vn -0.0000 0.2057 0.9786
vn -0.1002 0.2081 0.9730
vn -0.2099 0.2160 0.9536
vn -0.3397 0.2307 0.9118
vn 0.6655 0.2812 -0.6914
vn 0.8112 0.3068 -0.4979
vn 0.9091 0.3247 -0.2611
vn 0.9436 0.3311 -0.0000
vn 0.9091 0.3247 0.2611
vn 0.8112 0.3068 0.4979
vn 0.6655 0.2812 0.6914
vn -0.3397 0.2307 -0.9118
vn -0.2099 0.2160 -0.9536
vn -0.1002 0.2081 -0.9730
vn -0.0000 0.2057 -0.9786
vn 0.1002 0.2081 -0.9730
vn 0.2099 0.2160 -0.9536
vn 0.3397 0.2307 -0.9118
vn -0.6655 0.2812 0.6914
vn -0.8112 0.3068 0.4979
vn -0.9091 0.3247 0.2611
vn -0.9436 0.3311 -0.0000
vn -0.9091 0.3247 -0.2611
vn -0.8112 0.3068 -0.4979
vn -0.6655 0.2812 -0.6914
vn -0.6546 0.3304 0.6800
vn -0.6369 0.3954 0.6618
vn -0.6073 0.4816 0.6319
vn -0.5618 0.5831 0.5869
vn -0.5028 0.6836 0.5290
vn -0.4350 0.7720 0.4635
vn -0.3611 0.8453 0.3938
vn -0.7953 0.3593 0.4882
vn -0.7702 0.4279 0.4730
vn -0.7291 0.5167 0.4488
vn -0.6677 0.6186 0.4141
vn -0.5879 0.7193 0.3700
vn -0.4951 0.8076 0.3203
vn -0.3930 0.8788 0.2707
vn -0.8892 0.3795 0.2554
vn -0.8582 0.4502 0.2467
vn -0.8087 0.5400 0.2332
vn -0.7363 0.6417 0.2146
vn -0.6418 0.7427 0.1913
vn -0.5312 0.8310 0.1653
vn -0.4129 0.8999 0.1402
vn -0.9222 0.3866 -0.0000
vn -0.8889 0.4580 -0.0000
vn -0.8364 0.5482 -0.0000
vn -0.7602 0.6497 -0.0000
vn -0.6605 0.7509 -0.0000
vn -0.5436 0.8393 -0.0000
vn -0.4200 0.9075 -0.0000
vn -0.8892 0.3795 -0.2554
vn -0.8582 0.4502 -0.2467
vn -0.8087 0.5400 -0.2332
vn -0.7363 0.6417 -0.2146
vn -0.6418 0.7427 -0.1913
vn -0.5312 0.8310 -0.1653
vn -0.4129 0.8999 -0.1402
vn -0.7953 0.3593 -0.4882
vn -0.7702 0.4279 -0.4730
vn -0.7291 0.5167 -0.4488
vn -0.6677 0.6186 -0.4141
vn -0.5879 0.7193 -0.3700
vn -0.4951 0.8076 -0.3203
vn -0.3930 0.8788 -0.2707
vn -0.6546 0.3304 -0.6800
vn -0.6369 0.3954 -0.6618
vn -0.6073 0.4816 -0.6319
vn -0.5618 0.5831 -0.5869
vn -0.5028 0.6836 -0.5290
vn -0.4350 0.7720 -0.4635
vn -0.3611 0.8453 -0.3938
vn -0.3359 0.2725 -0.9016
vn -0.3298 0.3290 -0.8849
vn -0.3194 0.4065 -0.8560
vn -0.3032 0.5030 -0.8093
vn -0.2809 0.6060 -0.7442
vn -0.2533 0.7045 -0.6629
vn -0.2215 0.7939 -0.5663
vn -0.2079 0.2555 -0.9442
vn -0.2046 0.3090 -0.9288
vn -0.1992 0.3828 -0.9021
vn -0.1909 0.4762 -0.8583
vn -0.1791 0.5815 -0.7936
vn -0.1637 0.6893 -0.7057
vn -0.1462 0.7927 -0.5919
vn -0.0993 0.2464 -0.9641
vn -0.0979 0.2983 -0.9495
vn -0.0956 0.3696 -0.9243
vn -0.0923 0.4607 -0.8828
vn -0.0875 0.5674 -0.8188
vn -0.0812 0.6814 -0.7274
vn -0.0739 0.7916 -0.6065
vn -0.0000 0.2435 -0.9699
vn -0.0000 0.2949 -0.9555
vn -0.0000 0.3654 -0.9309
vn -0.0000 0.4556 -0.8902
vn -0.0000 0.5628 -0.8266
vn -0.0000 0.6789 -0.7342
vn -0.0000 0.7913 -0.6115
vn 0.0993 0.2464 -0.9641
vn 0.0979 0.2983 -0.9495
vn 0.0956 0.3696 -0.9243
vn 0.0923 0.4607 -0.8828
vn 0.0875 0.5674 -0.8188
vn 0.0812 0.6814 -0.7274
vn 0.0739 0.7916 -0.6065
vn 0.2079 0.2555 -0.9442
vn 0.2046 0.3090 -0.9288
vn 0.1992 0.3828 -0.9021
vn 0.1909 0.4762 -0.8583
vn 0.1791 0.5815 -0.7936
vn 0.1637 0.6893 -0.7057
vn 0.1462 0.7927 -0.5919
vn 0.3359 0.2725 -0.9016
vn 0.3298 0.3290 -0.8849
vn 0.3194 0.4065 -0.8560
vn 0.3032 0.5030 -0.8094
vn 0.2809 0.6060 -0.7442
vn 0.2533 0.7045 -0.6629
vn 0.2215 0.7939 -0.5663
vn 0.6546 0.3304 -0.6800
vn 0.6369 0.3954 -0.6618
vn 0.6073 0.4816 -0.6319
vn 0.5618 0.5831 -0.5869
vn 0.5028 0.6836 -0.5290
vn 0.4350 0.7720 -0.4635
vn 0.3611 0.8453 -0.3938
vn 0.7953 0.3593 -0.4882
vn 0.7702 0.4279 -0.4730
vn 0.7291 0.5167 -0.4488
vn 0.6677 0.6186 -0.4141
vn 0.5879 0.7193 -0.3700
vn 0.4951 0.8076 -0.3203
vn 0.3930 0.8788 -0.2707
vn 0.8892 0.3795 -0.2554
vn 0.8582 0.4502 -0.2467
vn 0.8087 0.5400 -0.2332
vn 0.7363 0.6417 -0.2146
vn 0.6418 0.7427 -0.1913
vn 0.5312 0.8310 -0.1653
vn 0.4129 0.8999 -0.1402
vn 0.9222 0.3866 -0.0000
vn 0.8889 0.4580 -0.0000
vn 0.8364 0.5482 -0.0000
vn 0.7602 0.6497 -0.0000
vn 0.6605 0.7509 -0.0000
vn 0.5436 0.8393 -0.0000
vn 0.4200 0.9075 -0.0000
vn 0.8892 0.3795 0.2554
vn 0.8582 0.4502 0.2467
vn 0.8087 0.5400 0.2332
vn 0.7363 0.6417 0.2146
vn 0.6418 0.7427 0.1913
vn 0.5312 0.8310 0.1653
vn 0.4129 0.8999 0.1402
vn 0.7953 0.3593 0.4882
vn 0.7702 0.4279 0.4730
vn 0.7291 0.5167 0.4488
vn 0.6677 0.6186 0.4141
vn 0.5879 0.7193 0.3700
vn 0.4951 0.8076 0.3203
vn 0.3930 0.8788 0.2707
vn 0.6546 0.3304 0.6800
vn 0.6369 0.3954 0.6618
vn 0.6073 0.4816 0.6319
vn 0.5618 0.5831 0.5869
vn 0.5028 0.6836 0.5290
vn 0.4350 0.7720 0.4635
vn 0.3611 0.8453 0.3938
vn 0.3359 0.2725 0.9016
vn 0.3298 0.3290 0.8849
vn 0.3194 0.4065 0.8560
vn 0.3032 0.5030 0.8093
vn 0.2809 0.6060 0.7442
vn 0.2533 0.7045 0.6629
vn 0.2215 0.7939 0.5663
vn 0.2079 0.2555 0.9442
vn 0.2046 0.3090 0.9288
vn 0.1992 0.3828 0.9021
vn 0.1909 0.4762 0.8583
vn 0.1791 0.5815 0.7936
vn 0.1637 0.6893 0.7057
vn 0.1462 0.7927 0.5919
vn 0.0993 0.2464 0.9641
vn 0.0979 0.2983 0.9495
vn 0.0956 0.3696 0.9243
vn 0.0923 0.4607 0.8828
vn 0.0875 0.5674 0.8188
vn 0.0812 0.6814 0.7274
vn 0.0739 0.7916 0.6065
vn -0.0000 0.2435 0.9699
vn -0.0000 0.2949 0.9555
vn -0.0000 0.3654 0.9309
vn -0.0000 0.4556 0.8902
vn -0.0000 0.5628 0.8266
vn -0.0000 0.6789 0.7342
vn -0.0000 0.7913 0.6115
vn -0.0993 0.2464 0.9641
vn -0.0979 0.2983 0.9495
vn -0.0956 0.3696 0.9243
vn -0.0923 0.4607 0.8828
vn -0.0875 0.5674 0.8188
vn -0.0812 0.6814 0.7274
vn -0.0739 0.7916 0.6065
vn -0.2079 0.2555 0.9442
vn -0.2046 0.3090 0.9288
vn -0.1992 0.3828 0.9021
vn -0.1909 0.4762 0.8583
vn -0.1791 0.5815 0.7936
vn -0.1637 0.6893 0.7057
vn -0.1462 0.7927 0.5919
vn -0.3359 0.2725 0.9016
vn -0.3298 0.3290 0.8849
vn -0.3194 0.4065 0.8560
vn -0.3032 0.5030 0.8093
vn -0.2809 0.6060 0.7442
vn -0.2533 0.7045 0.6629
vn -0.2215 0.7939 0.5663
vn -0.0503 -0.9952 -0.0839
vn -0.0320 -0.9961 -0.0822
vn -0.0159 -0.9966 -0.0811
vn -0.0000 -0.9967 -0.0808
vn 0.0159 -0.9966 -0.0811
vn 0.0320 -0.9961 -0.0822
vn 0.0503 -0.9952 -0.0839
vn -0.0493 -0.9973 -0.0536
vn -0.0299 -0.9983 -0.0499
vn -0.0144 -0.9987 -0.0482
vn -0.0000 -0.9989 -0.0477
vn 0.0144 -0.9987 -0.0482
vn 0.0299 -0.9983 -0.0499
vn 0.0493 -0.9973 -0.0536
vn -0.0487 -0.9985 -0.0266
vn -0.0289 -0.9993 -0.0240
vn -0.0136 -0.9996 -0.0228
vn -0.0000 -0.9997 -0.0224
vn 0.0136 -0.9996 -0.0228
vn 0.0289 -0.9993 -0.0240
vn 0.0487 -0.9985 -0.0266
vn -0.0485 -0.9988 -0.0000
vn -0.0286 -0.9996 -0.0000
vn -0.0134 -0.9999 -0.0000
vn -0.0000 -1.0000 -0.0000
vn 0.0134 -0.9999 -0.0000
vn 0.0286 -0.9996 -0.0000
vn 0.0485 -0.9988 -0.0000
vn -0.0487 -0.9985 0.0266
vn -0.0289 -0.9993 0.0240
vn -0.0136 -0.9996 0.0228
vn -0.0000 -0.9997 0.0224
vn 0.0136 -0.9996 0.0228
vn 0.0289 -0.9993 0.0240
vn 0.0487 -0.9985 0.0266
vn -0.0493 -0.9973 0.0536
vn -0.0299 -0.9983 0.0499
vn -0.0144 -0.9987 0.0482
vn -0.0000 -0.9989 0.0477
vn 0.0144 -0.9987 0.0482
vn 0.0299 -0.9983 0.0499
vn 0.0493 -0.9973 0.0536
vn -0.0503 -0.9952 0.0839
vn -0.0320 -0.9961 0.0822
vn -0.0159 -0.9966 0.0811
vn -0.0000 -0.9967 0.0808
vn 0.0159 -0.9966 0.0811
vn 0.0320 -0.9961 0.0822
vn 0.0503 -0.9952 0.0839
vn 0.1931 0.9267 -0.3225
vn 0.1263 0.9370 -0.3256
vn 0.0635 0.9426 -0.3279
vn -0.0000 0.9444 -0.3288
vn -0.0635 0.9426 -0.3279
vn -0.1263 0.9370 -0.3256
vn -0.1931 0.9267 -0.3225
vn 0.1990 0.9561 -0.2152
vn 0.1257 0.9696 -0.2099
vn 0.0617 0.9761 -0.2083
vn -0.0000 0.9782 -0.2078
vn -0.0617 0.9761 -0.2083
vn -0.1257 0.9696 -0.2099
vn -0.1990 0.9561 -0.2152
vn 0.2027 0.9731 -0.1095
vn 0.1261 0.9865 -0.1042
vn 0.0608 0.9930 -0.1016
vn -0.0000 0.9949 -0.1008
vn -0.0608 0.9930 -0.1016
vn -0.1261 0.9865 -0.1042
vn -0.2027 0.9731 -0.1095
vn 0.2041 0.9790 -0.0000
vn 0.1262 0.9920 -0.0000
vn 0.0606 0.9982 -0.0000
vn -0.0000 1.0000 -0.0000
vn -0.0606 0.9982 -0.0000
vn -0.1262 0.9920 -0.0000
vn -0.2041 0.9790 -0.0000
vn 0.2027 0.9731 0.1095
vn 0.1261 0.9865 0.1042
vn 0.0608 0.9930 0.1016
vn -0.0000 0.9949 0.1008
vn -0.0608 0.9930 0.1016
vn -0.1261 0.9865 0.1042
vn -0.2027 0.9731 0.1095
vn 0.1990 0.9561 0.2152
vn 0.1257 0.9696 0.2099
vn 0.0617 0.9761 0.2083
vn -0.0000 0.9782 0.2078
vn -0.0617 0.9761 0.2083
vn -0.1257 0.9696 0.2099
vn -0.1990 0.9561 0.2152
vn 0.1931 0.9267 0.3225
vn 0.1263 0.9370 0.3256
vn 0.0635 0.9426 0.3279
vn -0.0000 0.9444 0.3288
vn -0.0635 0.9426 0.3279
vn -0.1263 0.9370 0.3256
vn -0.1931 0.9267 0.3225
vn 0.0797 -0.9758 0.2038
vn 0.1218 -0.9395 0.3201
vn 0.1881 -0.8454 0.5000
vn 0.2739 -0.6246 0.7314
vn 0.3360 -0.2786 0.8997
vn 0.3493 0.0096 0.9369
vn 0.3445 0.1641 0.9244
vn 0.0521 -0.9760 0.2113
vn 0.0792 -0.9357 0.3438
vn 0.1221 -0.8301 0.5441
vn 0.1743 -0.5954 0.7843
vn 0.2085 -0.2584 0.9433
vn 0.2152 0.0099 0.9765
vn 0.2125 0.1535 0.9650
vn 0.0262 -0.9762 0.2151
vn 0.0394 -0.9338 0.3557
vn 0.0603 -0.8208 0.5681
vn 0.0848 -0.5771 0.8122
vn 0.0998 -0.2462 0.9641
vn 0.1026 0.0104 0.9947
vn 0.1014 0.1480 0.9838
vn -0.0000 -0.9763 0.2165
vn -0.0000 -0.9331 0.3597
vn -0.0000 -0.8175 0.5759
vn -0.0000 -0.5709 0.8211
vn -0.0000 -0.2422 0.9702
vn -0.0000 0.0106 0.9999
vn -0.0000 0.1462 0.9892
vn -0.0262 -0.9762 0.2151
vn -0.0394 -0.9338 0.3557
vn -0.0603 -0.8208 0.5681
vn -0.0848 -0.5771 0.8122
vn -0.0998 -0.2462 0.9641
vn -0.1026 0.0104 0.9947
vn -0.1014 0.1480 0.9838
vn -0.0521 -0.9760 0.2113
vn -0.0792 -0.9357 0.3438
vn -0.1221 -0.8301 0.5441
vn -0.1743 -0.5954 0.7843
vn -0.2085 -0.2584 0.9433
vn -0.2152 0.0099 0.9765
vn -0.2125 0.1535 0.9650
vn -0.0797 -0.9758 0.2038
vn -0.1218 -0.9395 0.3201
vn -0.1881 -0.8454 0.5000
vn -0.2739 -0.6246 0.7314
vn -0.3360 -0.2786 0.8997
vn -0.3493 0.0096 0.9369
vn -0.3445 0.1641 0.9244
vn 0.1230 -0.9833 -0.1341
vn 0.1956 -0.9585 -0.2074
vn 0.3151 -0.8897 -0.3305
vn 0.4924 -0.7022 -0.5142
vn 0.6521 -0.3372 -0.6790
vn 0.6932 0.0119 -0.7207
vn 0.6792 0.2013 -0.7058
vn 0.1281 -0.9879 -0.0881
vn 0.2129 -0.9674 -0.1368
vn 0.3562 -0.9074 -0.2229
vn 0.5782 -0.7330 -0.3583
vn 0.7933 -0.3628 -0.4888
vn 0.8519 0.0144 -0.5235
vn 0.8312 0.2208 -0.5103
vn 0.1307 -0.9904 -0.0444
vn 0.2219 -0.9727 -0.0685
vn 0.3805 -0.9179 -0.1125
vn 0.6334 -0.7515 -0.1844
vn 0.8890 -0.3792 -0.2567
vn 0.9609 0.0168 -0.2764
vn 0.9343 0.2346 -0.2685
vn 0.1317 -0.9913 -0.0000
vn 0.2250 -0.9744 -0.0000
vn 0.3887 -0.9213 -0.0000
vn 0.6526 -0.7577 -0.0000
vn 0.9230 -0.3847 -0.0000
vn 0.9998 0.0177 -0.0000
vn 0.9709 0.2397 -0.0000
vn 0.1307 -0.9904 0.0444
vn 0.2219 -0.9727 0.0685
vn 0.3805 -0.9179 0.1125
vn 0.6334 -0.7515 0.1844
vn 0.8890 -0.3792 0.2567
vn 0.9609 0.0168 0.2764
vn 0.9343 0.2346 0.2685
vn 0.1281 -0.9879 0.0881
vn 0.2129 -0.9674 0.1368
vn 0.3562 -0.9074 0.2229
vn 0.5782 -0.7330 0.3583
vn 0.7933 -0.3628 0.4888
vn 0.8519 0.0144 0.5235
vn 0.8312 0.2208 0.5103
vn 0.1230 -0.9833 0.1341
vn 0.1956 -0.9585 0.2074
vn 0.3151 -0.8897 0.3305
vn 0.4924 -0.7022 0.5142
vn 0.6521 -0.3372 0.6790
vn 0.6932 0.0119 0.7207
vn 0.6792 0.2013 0.7058
vn -0.0797 -0.9758 -0.2038
vn -0.1218 -0.9395 -0.3201
vn -0.1881 -0.8454 -0.5000
vn -0.2739 -0.6246 -0.7314
vn -0.3360 -0.2786 -0.8997
vn -0.3493 0.0096 -0.9369
vn -0.3445 0.1641 -0.9244
vn -0.0521 -0.9760 -0.2113
vn -0.0792 -0.9357 -0.3438
vn -0.1221 -0.8301 -0.5441
vn -0.1743 -0.5954 -0.7843
vn -0.2085 -0.2584 -0.9433
vn -0.2152 0.0099 -0.9765
vn -0.2125 0.1535 -0.9650
vn -0.0262 -0.9762 -0.2151
vn -0.0394 -0.9338 -0.3557
vn -0.0603 -0.8208 -0.5681
vn -0.0848 -0.5771 -0.8122
vn -0.0998 -0.2462 -0.9641
vn -0.1026 0.0104 -0.9947
vn -0.1014 0.1480 -0.9838
vn -0.0000 -0.9763 -0.2165
vn -0.0000 -0.9331 -0.3597
vn -0.0000 -0.8175 -0.5759
vn -0.0000 -0.5709 -0.8211
vn -0.0000 -0.2422 -0.9702
vn -0.0000 0.0106 -0.9999
vn -0.0000 0.1462 -0.9892
vn 0.0262 -0.9762 -0.2151
vn 0.0394 -0.9338 -0.3557
vn 0.0603 -0.8208 -0.5681
vn 0.0848 -0.5771 -0.8122
vn 0.0998 -0.2462 -0.9641
vn 0.1026 0.0104 -0.9947
vn 0.1014 0.1480 -0.9838
vn 0.0521 -0.9760 -0.2113
vn 0.0792 -0.9357 -0.3438
vn 0.1221 -0.8301 -0.5441
vn 0.1743 -0.5954 -0.7843
vn 0.2085 -0.2584 -0.9433
vn 0.2152 0.0099 -0.9765
vn 0.2125 0.1535 -0.9650
vn 0.0797 -0.9758 -0.2038
vn 0.1218 -0.9395 -0.3201
vn 0.1881 -0.8454 -0.5000
vn 0.2739 -0.6246 -0.7314
vn 0.3360 -0.2786 -0.8997
vn 0.3493 0.0096 -0.9369
vn 0.3445 0.1641 -0.9244
vn -0.1230 -0.9833 0.1341
vn -0.1956 -0.9585 0.2074
vn -0.3151 -0.8897 0.3305
vn -0.4924 -0.7022 0.5142
vn -0.6521 -0.3372 0.6790
vn -0.6932 0.0119 0.7207
vn -0.6792 0.2013 0.7058
vn -0.1281 -0.9879 0.0881
vn -0.2129 -0.9674 0.1368
vn -0.3562 -0.9074 0.2229
vn -0.5782 -0.7330 0.3583
vn -0.7933 -0.3628 0.4888
vn -0.8519 0.0144 0.5235
vn -0.8312 0.2208 0.5103
vn -0.1307 -0.9904 0.0444
vn -0.2219 -0.9727 0.0685
vn -0.3805 -0.9179 0.1125
vn -0.6334 -0.7515 0.1844
vn -0.8890 -0.3792 0.2567
vn -0.9609 0.0168 0.2764
vn -0.9343 0.2346 0.2685
vn -0.1317 -0.9913 -0.0000
vn -0.2250 -0.9744 -0.0000
vn -0.3887 -0.9213 -0.0000
vn -0.6526 -0.7577 -0.0000
vn -0.9230 -0.3847 -0.0000
vn -0.9998 0.0177 -0.0000
vn -0.9709 0.2397 -0.0000
vn -0.1307 -0.9904 -0.0444
vn -0.2219 -0.9727 -0.0685
vn -0.3805 -0.9179 -0.1125
vn -0.6334 -0.7515 -0.1844
vn -0.8890 -0.3792 -0.2567
vn -0.9609 0.0168 -0.2764
vn -0.9343 0.2346 -0.2685
vn -0.1281 -0.9879 -0.0881
vn -0.2129 -0.9674 -0.1368
vn -0.3562 -0.9074 -0.2229
vn -0.5782 -0.7330 -0.3583
vn -0.7933 -0.3628 -0.4888
vn -0.8519 0.0144 -0.5235
vn -0.8312 0.2208 -0.5103
vn -0.1230 -0.9833 -0.1341
vn -0.1956 -0.9585 -0.2074
vn -0.3151 -0.8897 -0.3305
vn -0.4924 -0.7022 -0.5142
vn -0.6521 -0.3372 -0.6790
vn -0.6932 0.0119 -0.7207
vn -0.6792 0.2013 -0.7058
vt 0.515625 0.031250
vt 0.531250 0.031250
vt 0.531250 0.062500
vt 0.515625 0.062500
vt 0.546875 0.031250
vt 0.546875 0.062500
vt 0.562500 0.031250
vt 0.562500 0.062500
vt 0.578125 0.031250
vt 0.578125 0.062500
vt 0.593750 0.031250
vt 0.593750 0.062500
vt 0.609375 0.031250
vt 0.609375 0.062500
vt 0.531250 0.093750
vt 0.515625 0.093750
vt 0.546875 0.093750
vt 0.562500 0.093750
vt 0.578125 0.093750
vt 0.593750 0.093750
vt 0.609375 0.093750
vt 0.531250 0.125000
vt 0.515625 0.125000
vt 0.546875 0.125000
vt 0.562500 0.125000
vt 0.578125 0.125000
vt 0.593750 0.125000
vt 0.609375 0.125000
vt 0.531250 0.156250
vt 0.515625 0.156250
vt 0.546875 0.156250
vt 0.562500 0.156250
vt 0.578125 0.156250
vt 0.593750 0.156250
vt 0.609375 0.156250
vt 0.531250 0.187500
vt 0.515625 0.187500
vt 0.546875 0.187500
vt 0.562500 0.187500
vt 0.578125 0.187500
vt 0.593750 0.187500
vt 0.609375 0.187500
vt 0.531250 0.218750
vt 0.515625 0.218750
vt 0.546875 0.218750
vt 0.562500 0.218750
vt 0.578125 0.218750
vt 0.593750 0.218750
vt 0.609375 0.218750
vt 0.500000 0.000000
vt 0.515625 0.000000
vt 0.500000 0.031250
vt 0.531250 0.000000
vt 0.546875 0.000000
vt 0.562500 0.000000
vt 0.578125 0.000000
vt 0.593750 0.000000
vt 0.609375 0.000000
vt 0.625000 0.000000
vt 0.625000 0.031250
vt 0.625000 0.062500
vt 0.625000 0.093750
vt 0.625000 0.125000
vt 0.625000 0.156250
vt 0.625000 0.187500
vt 0.625000 0.218750
vt 0.625000 0.250000
vt 0.609375 0.250000
vt 0.593750 0.250000
vt 0.578125 0.250000
vt 0.562500 0.250000
vt 0.546875 0.250000
vt 0.531250 0.250000
vt 0.515625 0.250000
vt 0.500000 0.218750
vt 0.500000 0.250000
vt 0.500000 0.187500
vt 0.500000 0.156250
vt 0.500000 0.125000
vt 0.500000 0.093750
vt 0.500000 0.062500
vt 0.515625 0.281250
vt 0.531250 0.281250
vt 0.531250 0.312500
vt 0.515625 0.312500
vt 0.546875 0.281250
vt 0.546875 0.312500
vt 0.562500 0.281250
vt 0.562500 0.312500
vt 0.578125 0.281250
vt 0.578125 0.312500
vt 0.593750 0.281250
vt 0.593750 0.312500
vt 0.609375 0.281250
vt 0.609375 0.312500
vt 0.531250 0.343750
vt 0.515625 0.343750
vt 0.546875 0.343750
vt 0.562500 0.343750
vt 0.578125 0.343750
vt 0.593750 0.343750
vt 0.609375 0.343750
vt 0.531250 0.375000
vt 0.515625 0.375000
vt 0.546875 0.375000
vt 0.562500 0.375000
vt 0.578125 0.375000
vt 0.593750 0.375000
vt 0.609375 0.375000
vt 0.531251 0.406250
vt 0.515625 0.406250
vt 0.546878 0.406250
vt 0.562507 0.406250
vt 0.578137 0.406250
vt 0.593764 0.406250
vt 0.609384 0.406250
vt 0.531257 0.437500
vt 0.515626 0.437500
vt 0.546898 0.437500
vt 0.562554 0.437500
vt 0.578223 0.437500
vt 0.593865 0.437500
vt 0.609451 0.437500
vt 0.531273 0.468750
vt 0.515628 0.468750
vt 0.546952 0.468750
vt 0.562683 0.468750
vt 0.578460 0.468750
vt 0.594187 0.468750
vt 0.609731 0.468750
vt 0.500000 0.281250
vt 0.625000 0.281250
vt 0.625000 0.312500
vt 0.625000 0.343750
vt 0.625000 0.375000
vt 0.625000 0.406250
vt 0.625000 0.437500
vt 0.625000 0.468750
vt 0.625000 0.500000
vt 0.611052 0.500000
vt 0.595052 0.500000
vt 0.578952 0.500000
vt 0.562934 0.500000
vt 0.547058 0.500000
vt 0.531304 0.500000
vt 0.515632 0.500000
vt 0.500000 0.468750
vt 0.500000 0.500000
vt 0.500000 0.437500
vt 0.500000 0.406250
vt 0.500000 0.375000
vt 0.500000 0.343750
vt 0.500000 0.312500
vt 0.515638 0.531250
vt 0.531353 0.531250
vt 0.531406 0.562500
vt 0.515645 0.562500
vt 0.547221 0.531250
vt 0.547401 0.562500
vt 0.563321 0.531250
vt 0.563748 0.562500
vt 0.579743 0.531250
vt 0.580615 0.562500
vt 0.596643 0.531250
vt 0.598382 0.562500
vt 0.614415 0.531250
vt 0.617607 0.562500
vt 0.531449 0.593750
vt 0.515650 0.593750
vt 0.547547 0.593750
vt 0.564094 0.593750
vt 0.581297 0.593750
vt 0.599602 0.593750
vt 0.619528 0.593750
vt 0.531467 0.625000
vt 0.515652 0.625000
vt 0.547607 0.625000
vt 0.564236 0.625000
vt 0.581570 0.625000
vt 0.600043 0.625000
vt 0.620144 0.625000
vt 0.531449 0.656250
vt 0.515650 0.656250
vt 0.547547 0.656250
vt 0.564094 0.656250
vt 0.581297 0.656250
vt 0.599602 0.656250
vt 0.619528 0.656250
vt 0.531406 0.687500
vt 0.515644 0.687500
vt 0.547401 0.687500
vt 0.563748 0.687500
vt 0.580615 0.687500
vt 0.598382 0.687500
vt 0.617607 0.687500
vt 0.531353 0.718750
vt 0.515638 0.718750
vt 0.547221 0.718750
vt 0.563321 0.718750
vt 0.579743 0.718750
vt 0.596643 0.718750
vt 0.614415 0.718750
vt 0.500000 0.531250
vt 0.634918 0.531250
vt 0.639350 0.562500
vt 0.641659 0.593750
vt 0.642361 0.625000
vt 0.641659 0.656250
vt 0.639350 0.687500
vt 0.634918 0.718750
vt 0.625000 0.750000
vt 0.611052 0.750000
vt 0.595052 0.750000
vt 0.578952 0.750000
vt 0.562934 0.750000
vt 0.547058 0.750000
vt 0.531304 0.750000
vt 0.515632 0.750000
vt 0.500000 0.718750
vt 0.500000 0.750000
vt 0.500000 0.687500
vt 0.500000 0.656250
vt 0.500000 0.625000
vt 0.500000 0.593750
vt 0.500000 0.562500
vt 0.515628 0.781250
vt 0.531273 0.781250
vt 0.531257 0.812500
vt 0.515626 0.812500
vt 0.546952 0.781250
vt 0.546898 0.812500
vt 0.562683 0.781250
vt 0.562554 0.812500
vt 0.578460 0.781250
vt 0.578223 0.812500
vt 0.594187 0.781250
vt 0.593865 0.812500
vt 0.609730 0.781250
vt 0.609451 0.812500
vt 0.531251 0.843750
vt 0.515625 0.843750
vt 0.546878 0.843750
vt 0.562507 0.843750
vt 0.578137 0.843750
vt 0.593764 0.843750
vt 0.609384 0.843750
vt 0.531250 0.875000
vt 0.515625 0.875000
vt 0.546875 0.875000
vt 0.562500 0.875000
vt 0.578125 0.875000
vt 0.593750 0.875000
vt 0.609375 0.875000
vt 0.531250 0.906250
vt 0.515625 0.906250
vt 0.546875 0.906250
vt 0.562500 0.906250
vt 0.578125 0.906250
vt 0.593750 0.906250
vt 0.609375 0.906250
vt 0.531250 0.937500
vt 0.515625 0.937500
vt 0.546875 0.937500
vt 0.562500 0.937500
vt 0.578125 0.937500
vt 0.593750 0.937500
vt 0.609375 0.937500
vt 0.531250 0.968750
vt 0.515625 0.968750
vt 0.546875 0.968750
vt 0.562500 0.968750
vt 0.578125 0.968750
vt 0.593750 0.968750
vt 0.609375 0.968750
vt 0.500000 0.781250
vt 0.625000 0.781250
vt 0.625000 0.812500
vt 0.625000 0.843750
vt 0.625000 0.875000
vt 0.625000 0.906250
vt 0.625000 0.937500
vt 0.625000 0.968750
vt 0.625000 1.000000
vt 0.609375 1.000000
vt 0.593750 1.000000
vt 0.578125 1.000000
vt 0.562500 1.000000
vt 0.546875 1.000000
vt 0.531250 1.000000
vt 0.515625 1.000000
vt 0.500000 0.968750
vt 0.500000 1.000000
vt 0.500000 0.937500
vt 0.500000 0.906250
vt 0.500000 0.875000
vt 0.500000 0.843750
vt 0.500000 0.812500
vt 0.156240 0.531250
vt 0.187420 0.531250
vt 0.187351 0.562500
vt 0.156231 0.562500
vt 0.218481 0.531250
vt 0.218246 0.562500
vt 0.249363 0.531250
vt 0.248806 0.562500
vt 0.279967 0.531250
vt 0.278858 0.562500
vt 0.310043 0.531250
vt 0.307983 0.562500
vt 0.339066 0.531250
vt 0.335593 0.562500
vt 0.187302 0.593750
vt 0.156225 0.593750
vt 0.218081 0.593750
vt 0.248413 0.593750
vt 0.278090 0.593750
vt 0.306663 0.593750
vt 0.333606 0.593750
vt 0.187283 0.625000
vt 0.156223 0.625000
vt 0.218018 0.625000
vt 0.248264 0.625000
vt 0.277805 0.625000
vt 0.306207 0.625000
vt 0.332981 0.625000
vt 0.187302 0.656250
vt 0.156225 0.656250
vt 0.218081 0.656250
vt 0.248413 0.656250
vt 0.278090 0.656250
vt 0.306663 0.656250
vt 0.333606 0.656250
vt 0.187351 0.687500
vt 0.156231 0.687500
vt 0.218246 0.687500
vt 0.248806 0.687500
vt 0.278858 0.687500
vt 0.307983 0.687500
vt 0.335593 0.687500
vt 0.187420 0.718750
vt 0.156240 0.718750
vt 0.218481 0.718750
vt 0.249363 0.718750
vt 0.279967 0.718750
vt 0.310043 0.718750
vt 0.339066 0.718750
vt 0.125000 0.500000
vt 0.156250 0.500000
vt 0.125000 0.531250
vt 0.187500 0.500000
vt 0.218750 0.500000
vt 0.250000 0.500000
vt 0.281250 0.500000
vt 0.312500 0.500000
vt 0.343750 0.500000
vt 0.375000 0.500000
vt 0.365082 0.531250
vt 0.360650 0.562500
vt 0.358341 0.593750
vt 0.357639 0.625000
vt 0.358341 0.656250
vt 0.360650 0.687500
vt 0.365082 0.718750
vt 0.375000 0.750000
vt 0.343750 0.750000
vt 0.312500 0.750000
vt 0.281250 0.750000
vt 0.250000 0.750000
vt 0.218750 0.750000
vt 0.187500 0.750000
vt 0.156250 0.750000
vt 0.125000 0.718750
vt 0.125000 0.750000
vt 0.125000 0.687500
vt 0.125000 0.656250
vt 0.125000 0.625000
vt 0.125000 0.593750
vt 0.125000 0.562500
vt 0.660934 0.531250
vt 0.689957 0.531250
vt 0.692017 0.562500
vt 0.664407 0.562500
vt 0.720033 0.531250
vt 0.721142 0.562500
vt 0.750638 0.531250
vt 0.751194 0.562500
vt 0.781519 0.531250
vt 0.781754 0.562500
vt 0.812580 0.531250
vt 0.812649 0.562500
vt 0.843760 0.531250
vt 0.843769 0.562500
vt 0.693337 0.593750
vt 0.666394 0.593750
vt 0.721910 0.593750
vt 0.751587 0.593750
vt 0.781920 0.593750
vt 0.812698 0.593750
vt 0.843775 0.593750
vt 0.693793 0.625000
vt 0.667019 0.625000
vt 0.722195 0.625000
vt 0.751736 0.625000
vt 0.781982 0.625000
vt 0.812717 0.625000
vt 0.843777 0.625000
vt 0.693337 0.656250
vt 0.666394 0.656250
vt 0.721910 0.656250
vt 0.751587 0.656250
vt 0.781920 0.656250
vt 0.812698 0.656250
vt 0.843775 0.656250
vt 0.692017 0.687500
vt 0.664407 0.687500
vt 0.721142 0.687500
vt 0.751194 0.687500
vt 0.781754 0.687500
vt 0.812649 0.687500
vt 0.843769 0.687500
vt 0.689957 0.718750
vt 0.660934 0.718750
vt 0.720033 0.718750
vt 0.750638 0.718750
vt 0.781519 0.718750
vt 0.812580 0.718750
vt 0.843760 0.718750
vt 0.656250 0.500000
vt 0.687500 0.500000
vt 0.718750 0.500000
vt 0.750000 0.500000
vt 0.781250 0.500000
vt 0.812500 0.500000
vt 0.843750 0.500000
vt 0.875000 0.500000
vt 0.875000 0.531250
vt 0.875000 0.562500
vt 0.875000 0.593750
vt 0.875000 0.625000
vt 0.875000 0.656250
vt 0.875000 0.687500
vt 0.875000 0.718750
vt 0.875000 0.750000
vt 0.843750 0.750000
vt 0.812500 0.750000
vt 0.781250 0.750000
vt 0.750000 0.750000
vt 0.718750 0.750000
vt 0.687500 0.750000
vt 0.656250 0.750000
vt 0.390270 0.781250
vt 0.405813 0.781250
vt 0.406135 0.812500
vt 0.390550 0.812500
vt 0.421540 0.781250
vt 0.421778 0.812500
vt 0.437317 0.781250
vt 0.437446 0.812500
vt 0.453048 0.781250
vt 0.453102 0.812500
vt 0.468727 0.781250
vt 0.468743 0.812500
vt 0.484372 0.781250
vt 0.484374 0.812500
vt 0.406236 0.843750
vt 0.390616 0.843750
vt 0.421863 0.843750
vt 0.437493 0.843750
vt 0.453122 0.843750
vt 0.468749 0.843750
vt 0.484375 0.843750
vt 0.406250 0.875000
vt 0.390625 0.875000
vt 0.421875 0.875000
vt 0.437500 0.875000
vt 0.453125 0.875000
vt 0.468750 0.875000
vt 0.484375 0.875000
vt 0.406250 0.906250
vt 0.390625 0.906250
vt 0.421875 0.906250
vt 0.437500 0.906250
vt 0.453125 0.906250
vt 0.468750 0.906250
vt 0.484375 0.906250
vt 0.406250 0.937500
vt 0.390625 0.937500
vt 0.421875 0.937500
vt 0.437500 0.937500
vt 0.453125 0.937500
vt 0.468750 0.937500
vt 0.484375 0.937500
vt 0.406250 0.968750
vt 0.390625 0.968750
vt 0.421875 0.968750
vt 0.437500 0.968750
vt 0.453125 0.968750
vt 0.468750 0.968750
vt 0.484375 0.968750
vt 0.388948 0.750000
vt 0.375000 0.781250
vt 0.404948 0.750000
vt 0.421048 0.750000
vt 0.437066 0.750000
vt 0.452942 0.750000
vt 0.468696 0.750000
vt 0.484368 0.750000
vt 0.484375 1.000000
vt 0.468750 1.000000
vt 0.453125 1.000000
vt 0.437500 1.000000
vt 0.421875 1.000000
vt 0.406250 1.000000
vt 0.390625 1.000000
vt 0.375000 0.968750
vt 0.375000 1.000000
vt 0.375000 0.937500
vt 0.375000 0.906250
vt 0.375000 0.875000
vt 0.375000 0.843750
vt 0.375000 0.812500
vt 0.385585 0.531250
vt 0.403357 0.531250
vt 0.401618 0.562500
vt 0.382393 0.562500
vt 0.420257 0.531250
vt 0.419385 0.562500
vt 0.436679 0.531250
vt 0.436252 0.562500
vt 0.452779 0.531250
vt 0.452599 0.562500
vt 0.468647 0.531250
vt 0.468594 0.562500
vt 0.484362 0.531250
vt 0.484356 0.562500
vt 0.400398 0.593750
vt 0.380472 0.593750
vt 0.418703 0.593750
vt 0.435906 0.593750
vt 0.452453 0.593750
vt 0.468551 0.593750
vt 0.484350 0.593750
vt 0.399957 0.625000
vt 0.379856 0.625000
vt 0.418430 0.625000
vt 0.435764 0.625000
vt 0.452393 0.625000
vt 0.468533 0.625000
vt 0.484348 0.625000
vt 0.400398 0.656250
vt 0.380472 0.656250
vt 0.418703 0.656250
vt 0.435906 0.656250
vt 0.452453 0.656250
vt 0.468551 0.656250
vt 0.484350 0.656250
vt 0.401618 0.687500
vt 0.382393 0.687500
vt 0.419385 0.687500
vt 0.436252 0.687500
vt 0.452599 0.687500
vt 0.468594 0.687500
vt 0.484356 0.687500
vt 0.403357 0.718750
vt 0.385585 0.718750
vt 0.420257 0.718750
vt 0.436679 0.718750
vt 0.452779 0.718750
vt 0.468647 0.718750
vt 0.484362 0.718750
vt 0.388948 0.500000
vt 0.404948 0.500000
vt 0.421048 0.500000
vt 0.437066 0.500000
vt 0.452942 0.500000
vt 0.468696 0.500000
vt 0.484368 0.500000
vt 0.390625 0.281250
vt 0.406250 0.281250
vt 0.406250 0.312500
vt 0.390625 0.312500
vt 0.421875 0.281250
vt 0.421875 0.312500
vt 0.437500 0.281250
vt 0.437500 0.312500
vt 0.453125 0.281250
vt 0.453125 0.312500
vt 0.468750 0.281250
vt 0.468750 0.312500
vt 0.484375 0.281250
vt 0.484375 0.312500
vt 0.406250 0.343750
vt 0.390625 0.343750
vt 0.421875 0.343750
vt 0.437500 0.343750
vt 0.453125 0.343750
vt 0.468750 0.343750
vt 0.484375 0.343750
vt 0.406250 0.375000
vt 0.390625 0.375000
vt 0.421875 0.375000
vt 0.437500 0.375000
vt 0.453125 0.375000
vt 0.468750 0.375000
vt 0.484375 0.375000
vt 0.406236 0.406250
vt 0.390616 0.406250
vt 0.421863 0.406250
vt 0.437493 0.406250
vt 0.453122 0.406250
vt 0.468749 0.406250
vt 0.484375 0.406250
vt 0.406135 0.437500
vt 0.390550 0.437500
vt 0.421778 0.437500
vt 0.437446 0.437500
vt 0.453102 0.437500
vt 0.468743 0.437500
vt 0.484374 0.437500
vt 0.405813 0.468750
vt 0.390269 0.468750
vt 0.421540 0.468750
vt 0.437317 0.468750
vt 0.453048 0.468750
vt 0.468727 0.468750
vt 0.484372 0.468750
vt 0.375000 0.250000
vt 0.390625 0.250000
vt 0.375000 0.281250
vt 0.406250 0.250000
vt 0.421875 0.250000
vt 0.437500 0.250000
vt 0.453125 0.250000
vt 0.468750 0.250000
vt 0.484375 0.250000
vt 0.375000 0.468750
vt 0.375000 0.437500
vt 0.375000 0.406250
vt 0.375000 0.375000
vt 0.375000 0.343750
vt 0.375000 0.312500
vt 0.390625 0.031250
vt 0.406250 0.031250
vt 0.406250 0.062500
vt 0.390625 0.062500
vt 0.421875 0.031250
vt 0.421875 0.062500
vt 0.437500 0.031250
vt 0.437500 0.062500
vt 0.453125 0.031250
vt 0.453125 0.062500
vt 0.468750 0.031250
vt 0.468750 0.062500
vt 0.484375 0.031250
vt 0.484375 0.062500
vt 0.406250 0.093750
vt 0.390625 0.093750
vt 0.421875 0.093750
vt 0.437500 0.093750
vt 0.453125 0.093750
vt 0.468750 0.093750
vt 0.484375 0.093750
vt 0.406250 0.125000
vt 0.390625 0.125000
vt 0.421875 0.125000
vt 0.437500 0.125000
vt 0.453125 0.125000
vt 0.468750 0.125000
vt 0.484375 0.125000
vt 0.406250 0.156250
vt 0.390625 0.156250
vt 0.421875 0.156250
vt 0.437500 0.156250
vt 0.453125 0.156250
vt 0.468750 0.156250
vt 0.484375 0.156250
vt 0.406250 0.187500
vt 0.390625 0.187500
vt 0.421875 0.187500
vt 0.437500 0.187500
vt 0.453125 0.187500
vt 0.468750 0.187500
vt 0.484375 0.187500
vt 0.406250 0.218750
vt 0.390625 0.218750
vt 0.421875 0.218750
vt 0.437500 0.218750
vt 0.453125 0.218750
vt 0.468750 0.218750
vt 0.484375 0.218750
vt 0.375000 0.000000
vt 0.390625 0.000000
vt 0.375000 0.031250
vt 0.406250 0.000000
vt 0.421875 0.000000
vt 0.437500 0.000000
vt 0.453125 0.000000
vt 0.468750 0.000000
vt 0.484375 0.000000
vt 0.375000 0.218750
vt 0.375000 0.187500
vt 0.375000 0.156250
vt 0.375000 0.125000
vt 0.375000 0.093750
vt 0.375000 0.062500
s 1
usemtl マテリアル.003
f 1181/1147/1181 1182/1148/1182 1189/1149/1189 1188/1150/1188
f 1182/1148/1182 1183/1151/1183 1190/1152/1190 1189/1149/1189
f 1183/1151/1183 1184/1153/1184 1191/1154/1191 1190/1152/1190
f 1184/1153/1184 1185/1155/1185 1192/1156/1192 1191/1154/1191
f 1185/1155/1185 1186/1157/1186 1193/1158/1193 1192/1156/1192
f 1186/1157/1186 1187/1159/1187 1194/1160/1194 1193/1158/1193
f 1188/1150/1188 1189/1149/1189 1196/1161/1196 1195/1162/1195
f 1189/1149/1189 1190/1152/1190 1197/1163/1197 1196/1161/1196
f 1190/1152/1190 1191/1154/1191 1198/1164/1198 1197/1163/1197
f 1191/1154/1191 1192/1156/1192 1199/1165/1199 1198/1164/1198
f 1192/1156/1192 1193/1158/1193 1200/1166/1200 1199/1165/1199
f 1193/1158/1193 1194/1160/1194 1201/1167/1201 1200/1166/1200
f 1195/1162/1195 1196/1161/1196 1203/1168/1203 1202/1169/1202
f 1196/1161/1196 1197/1163/1197 1204/1170/1204 1203/1168/1203
f 1197/1163/1197 1198/1164/1198 1205/1171/1205 1204/1170/1204
f 1198/1164/1198 1199/1165/1199 1206/1172/1206 1205/1171/1205
f 1199/1165/1199 1200/1166/1200 1207/1173/1207 1206/1172/1206
f 1200/1166/1200 1201/1167/1201 1208/1174/1208 1207/1173/1207
f 1202/1169/1202 1203/1168/1203 1210/1175/1210 1209/1176/1209
f 1203/1168/1203 1204/1170/1204 1211/1177/1211 1210/1175/1210
f 1204/1170/1204 1205/1171/1205 1212/1178/1212 1211/1177/1211
f 1205/1171/1205 1206/1172/1206 1213/1179/1213 1212/1178/1212
f 1206/1172/1206 1207/1173/1207 1214/1180/1214 1213/1179/1213
f 1207/1173/1207 1208/1174/1208 1215/1181/1215 1214/1180/1214
f 1209/1176/1209 1210/1175/1210 1217/1182/1217 1216/1183/1216
f 1210/1175/1210 1211/1177/1211 1218/1184/1218 1217/1182/1217
f 1211/1177/1211 1212/1178/1212 1219/1185/1219 1218/1184/1218
f 1212/1178/1212 1213/1179/1213 1220/1186/1220 1219/1185/1219
f 1213/1179/1213 1214/1180/1214 1221/1187/1221 1220/1186/1220
f 1214/1180/1214 1215/1181/1215 1222/1188/1222 1221/1187/1221
f 1216/1183/1216 1217/1182/1217 1224/1189/1224 1223/1190/1223
f 1217/1182/1217 1218/1184/1218 1225/1191/1225 1224/1189/1224
f 1218/1184/1218 1219/1185/1219 1226/1192/1226 1225/1191/1225
f 1219/1185/1219 1220/1186/1220 1227/1193/1227 1226/1192/1226
f 1220/1186/1220 1221/1187/1221 1228/1194/1228 1227/1193/1227
f 1221/1187/1221 1222/1188/1222 1229/1195/1229 1228/1194/1228
f 1037/1196/1037 1048/1197/1048 1181/1147/1181 1174/1198/1174
f 1048/1197/1048 1049/1199/1049 1182/1148/1182 1181/1147/1181
f 1049/1199/1049 1050/1200/1050 1183/1151/1183 1182/1148/1182
f 1050/1200/1050 1051/1201/1051 1184/1153/1184 1183/1151/1183
f 1051/1201/1051 1052/1202/1052 1185/1155/1185 1184/1153/1184
f 1052/1202/1052 1053/1203/1053 1186/1157/1186 1185/1155/1185
f 1053/1203/1053 1054/1204/1054 1187/1159/1187 1186/1157/1186
f 1054/1204/1054 1030/1205/1030 1055/1206/1055 1187/1159/1187
f 1187/1159/1187 1055/1206/1055 1056/1207/1056 1194/1160/1194
f 1194/1160/1194 1056/1207/1056 1057/1208/1057 1201/1167/1201
f 1201/1167/1201 1057/1208/1057 1058/1209/1058 1208/1174/1208
f 1208/1174/1208 1058/1209/1058 1059/1210/1059 1215/1181/1215
f 1215/1181/1215 1059/1210/1059 1060/1211/1060 1222/1188/1222
f 1222/1188/1222 1060/1211/1060 1061/1212/1061 1229/1195/1229
f 1229/1195/1229 1061/1212/1061 1032/1213/1032 1132/1214/1132
f 1228/1194/1228 1229/1195/1229 1132/1214/1132 1133/1215/1133
f 1227/1193/1227 1228/1194/1228 1133/1215/1133 1134/1216/1134
f 1226/1192/1226 1227/1193/1227 1134/1216/1134 1135/1217/1135
f 1225/1191/1225 1226/1192/1226 1135/1217/1135 1136/1218/1136
f 1224/1189/1224 1225/1191/1225 1136/1218/1136 1137/1219/1137
f 1223/1190/1223 1224/1189/1224 1137/1219/1137 1138/1220/1138
f 1180/1221/1180 1223/1190/1223 1138/1220/1138 1038/1222/1038
f 1179/1223/1179 1216/1183/1216 1223/1190/1223 1180/1221/1180
f 1178/1224/1178 1209/1176/1209 1216/1183/1216 1179/1223/1179
f 1177/1225/1177 1202/1169/1202 1209/1176/1209 1178/1224/1178
f 1176/1226/1176 1195/1162/1195 1202/1169/1202 1177/1225/1177
f 1175/1227/1175 1188/1150/1188 1195/1162/1195 1176/1226/1176
f 1174/1198/1174 1181/1147/1181 1188/1150/1188 1175/1227/1175
f 1230/1228/1230 1231/1229/1231 1238/1230/1238 1237/1231/1237
f 1231/1229/1231 1232/1232/1232 1239/1233/1239 1238/1230/1238
f 1232/1232/1232 1233/1234/1233 1240/1235/1240 1239/1233/1239
f 1233/1234/1233 1234/1236/1234 1241/1237/1241 1240/1235/1240
f 1234/1236/1234 1235/1238/1235 1242/1239/1242 1241/1237/1241
f 1235/1238/1235 1236/1240/1236 1243/1241/1243 1242/1239/1242
f 1237/1231/1237 1238/1230/1238 1245/1242/1245 1244/1243/1244
f 1238/1230/1238 1239/1233/1239 1246/1244/1246 1245/1242/1245
f 1239/1233/1239 1240/1235/1240 1247/1245/1247 1246/1244/1246
f 1240/1235/1240 1241/1237/1241 1248/1246/1248 1247/1245/1247
f 1241/1237/1241 1242/1239/1242 1249/1247/1249 1248/1246/1248
f 1242/1239/1242 1243/1241/1243 1250/1248/1250 1249/1247/1249
f 1244/1243/1244 1245/1242/1245 1252/1249/1252 1251/1250/1251
f 1245/1242/1245 1246/1244/1246 1253/1251/1253 1252/1249/1252
f 1246/1244/1246 1247/1245/1247 1254/1252/1254 1253/1251/1253
f 1247/1245/1247 1248/1246/1248 1255/1253/1255 1254/1252/1254
f 1248/1246/1248 1249/1247/1249 1256/1254/1256 1255/1253/1255
f 1249/1247/1249 1250/1248/1250 1257/1255/1257 1256/1254/1256
f 1251/1250/1251 1252/1249/1252 1259/1256/1259 1258/1257/1258
f 1252/1249/1252 1253/1251/1253 1260/1258/1260 1259/1256/1259
f 1253/1251/1253 1254/1252/1254 1261/1259/1261 1260/1258/1260
f 1254/1252/1254 1255/1253/1255 1262/1260/1262 1261/1259/1261
f 1255/1253/1255 1256/1254/1256 1263/1261/1263 1262/1260/1262
f 1256/1254/1256 1257/1255/1257 1264/1262/1264 1263/1261/1263
f 1258/1257/1258 1259/1256/1259 1266/1263/1266 1265/1264/1265
f 1259/1256/1259 1260/1258/1260 1267/1265/1267 1266/1263/1266
f 1260/1258/1260 1261/1259/1261 1268/1266/1268 1267/1265/1267
f 1261/1259/1261 1262/1260/1262 1269/1267/1269 1268/1266/1268
f 1262/1260/1262 1263/1261/1263 1270/1268/1270 1269/1267/1269
f 1263/1261/1263 1264/1262/1264 1271/1269/1271 1270/1268/1270
f 1265/1264/1265 1266/1263/1266 1273/1270/1273 1272/1271/1272
f 1266/1263/1266 1267/1265/1267 1274/1272/1274 1273/1270/1273
f 1267/1265/1267 1268/1266/1268 1275/1273/1275 1274/1272/1274
f 1268/1266/1268 1269/1267/1269 1276/1274/1276 1275/1273/1275
f 1269/1267/1269 1270/1268/1270 1277/1275/1277 1276/1274/1276
f 1270/1268/1270 1271/1269/1271 1278/1276/1278 1277/1275/1277
f 1038/1222/1038 1138/1220/1138 1230/1228/1230 1167/1277/1167
f 1138/1220/1138 1137/1219/1137 1231/1229/1231 1230/1228/1230
f 1137/1219/1137 1136/1218/1136 1232/1232/1232 1231/1229/1231
f 1136/1218/1136 1135/1217/1135 1233/1234/1233 1232/1232/1232
f 1135/1217/1135 1134/1216/1134 1234/1236/1234 1233/1234/1233
f 1134/1216/1134 1133/1215/1133 1235/1238/1235 1234/1236/1234
f 1133/1215/1133 1132/1214/1132 1236/1240/1236 1235/1238/1235
f 1132/1214/1132 1032/1213/1032 1076/1278/1076 1236/1240/1236
f 1236/1240/1236 1076/1278/1076 1077/1279/1077 1243/1241/1243
f 1243/1241/1243 1077/1279/1077 1078/1280/1078 1250/1248/1250
f 1250/1248/1250 1078/1280/1078 1079/1281/1079 1257/1255/1257
f 1257/1255/1257 1079/1281/1079 1080/1282/1080 1264/1262/1264
f 1264/1262/1264 1080/1282/1080 1081/1283/1081 1271/1269/1271
f 1271/1269/1271 1081/1283/1081 1082/1284/1082 1278/1276/1278
f 1278/1276/1278 1082/1284/1082 1036/1285/1036 1139/1286/1139
f 1277/1275/1277 1278/1276/1278 1139/1286/1139 1140/1287/1140
f 1276/1274/1276 1277/1275/1277 1140/1287/1140 1141/1288/1141
f 1275/1273/1275 1276/1274/1276 1141/1288/1141 1142/1289/1142
f 1274/1272/1274 1275/1273/1275 1142/1289/1142 1143/1290/1143
f 1273/1270/1273 1274/1272/1274 1143/1290/1143 1144/1291/1144
f 1272/1271/1272 1273/1270/1273 1144/1291/1144 1145/1292/1145
f 1173/1293/1173 1272/1271/1272 1145/1292/1145 1039/1294/1039
f 1172/1295/1172 1265/1264/1265 1272/1271/1272 1173/1293/1173
f 1171/1296/1171 1258/1257/1258 1265/1264/1265 1172/1295/1172
f 1170/1297/1170 1251/1250/1251 1258/1257/1258 1171/1296/1171
f 1169/1298/1169 1244/1243/1244 1251/1250/1251 1170/1297/1170
f 1168/1299/1168 1237/1231/1237 1244/1243/1244 1169/1298/1169
f 1167/1277/1167 1230/1228/1230 1237/1231/1237 1168/1299/1168
f 1279/1300/1279 1280/1301/1280 1287/1302/1287 1286/1303/1286
f 1280/1301/1280 1281/1304/1281 1288/1305/1288 1287/1302/1287
f 1281/1304/1281 1282/1306/1282 1289/1307/1289 1288/1305/1288
f 1282/1306/1282 1283/1308/1283 1290/1309/1290 1289/1307/1289
f 1283/1308/1283 1284/1310/1284 1291/1311/1291 1290/1309/1290
f 1284/1310/1284 1285/1312/1285 1292/1313/1292 1291/1311/1291
f 1286/1303/1286 1287/1302/1287 1294/1314/1294 1293/1315/1293
f 1287/1302/1287 1288/1305/1288 1295/1316/1295 1294/1314/1294
f 1288/1305/1288 1289/1307/1289 1296/1317/1296 1295/1316/1295
f 1289/1307/1289 1290/1309/1290 1297/1318/1297 1296/1317/1296
f 1290/1309/1290 1291/1311/1291 1298/1319/1298 1297/1318/1297
f 1291/1311/1291 1292/1313/1292 1299/1320/1299 1298/1319/1298
f 1293/1315/1293 1294/1314/1294 1301/1321/1301 1300/1322/1300
f 1294/1314/1294 1295/1316/1295 1302/1323/1302 1301/1321/1301
f 1295/1316/1295 1296/1317/1296 1303/1324/1303 1302/1323/1302
f 1296/1317/1296 1297/1318/1297 1304/1325/1304 1303/1324/1303
f 1297/1318/1297 1298/1319/1298 1305/1326/1305 1304/1325/1304
f 1298/1319/1298 1299/1320/1299 1306/1327/1306 1305/1326/1305
f 1300/1322/1300 1301/1321/1301 1308/1328/1308 1307/1329/1307
f 1301/1321/1301 1302/1323/1302 1309/1330/1309 1308/1328/1308
f 1302/1323/1302 1303/1324/1303 1310/1331/1310 1309/1330/1309
f 1303/1324/1303 1304/1325/1304 1311/1332/1311 1310/1331/1310
f 1304/1325/1304 1305/1326/1305 1312/1333/1312 1311/1332/1311
f 1305/1326/1305 1306/1327/1306 1313/1334/1313 1312/1333/1312
f 1307/1329/1307 1308/1328/1308 1315/1335/1315 1314/1336/1314
f 1308/1328/1308 1309/1330/1309 1316/1337/1316 1315/1335/1315
f 1309/1330/1309 1310/1331/1310 1317/1338/1317 1316/1337/1316
f 1310/1331/1310 1311/1332/1311 1318/1339/1318 1317/1338/1317
f 1311/1332/1311 1312/1333/1312 1319/1340/1319 1318/1339/1318
f 1312/1333/1312 1313/1334/1313 1320/1341/1320 1319/1340/1319
f 1314/1336/1314 1315/1335/1315 1322/1342/1322 1321/1343/1321
f 1315/1335/1315 1316/1337/1316 1323/1344/1323 1322/1342/1322
f 1316/1337/1316 1317/1338/1317 1324/1345/1324 1323/1344/1323
f 1317/1338/1317 1318/1339/1318 1325/1346/1325 1324/1345/1324
f 1318/1339/1318 1319/1340/1319 1326/1347/1326 1325/1346/1325
f 1319/1340/1319 1320/1341/1320 1327/1348/1327 1326/1347/1326
f 1039/1294/1039 1145/1292/1145 1279/1300/1279 1160/1349/1160
f 1145/1292/1145 1144/1291/1144 1280/1301/1280 1279/1300/1279
f 1144/1291/1144 1143/1290/1143 1281/1304/1281 1280/1301/1280
f 1143/1290/1143 1142/1289/1142 1282/1306/1282 1281/1304/1281
f 1142/1289/1142 1141/1288/1141 1283/1308/1283 1282/1306/1282
f 1141/1288/1141 1140/1287/1140 1284/1310/1284 1283/1308/1283
f 1140/1287/1140 1139/1286/1139 1285/1312/1285 1284/1310/1284
f 1139/1286/1139 1036/1285/1036 1097/1350/1097 1285/1312/1285
f 1285/1312/1285 1097/1350/1097 1098/1351/1098 1292/1313/1292
f 1292/1313/1292 1098/1351/1098 1099/1352/1099 1299/1320/1299
f 1299/1320/1299 1099/1352/1099 1100/1353/1100 1306/1327/1306
f 1306/1327/1306 1100/1353/1100 1101/1354/1101 1313/1334/1313
f 1313/1334/1313 1101/1354/1101 1102/1355/1102 1320/1341/1320
f 1320/1341/1320 1102/1355/1102 1103/1356/1103 1327/1348/1327
f 1327/1348/1327 1103/1356/1103 1034/1357/1034 1146/1358/1146
f 1326/1347/1326 1327/1348/1327 1146/1358/1146 1147/1359/1147
f 1325/1346/1325 1326/1347/1326 1147/1359/1147 1148/1360/1148
f 1324/1345/1324 1325/1346/1325 1148/1360/1148 1149/1361/1149
f 1323/1344/1323 1324/1345/1324 1149/1361/1149 1150/1362/1150
f 1322/1342/1322 1323/1344/1323 1150/1362/1150 1151/1363/1151
f 1321/1343/1321 1322/1342/1322 1151/1363/1151 1152/1364/1152
f 1166/1365/1166 1321/1343/1321 1152/1364/1152 1040/1366/1040
f 1165/1367/1165 1314/1336/1314 1321/1343/1321 1166/1365/1166
f 1164/1368/1164 1307/1329/1307 1314/1336/1314 1165/1367/1165
f 1163/1369/1163 1300/1322/1300 1307/1329/1307 1164/1368/1164
f 1162/1370/1162 1293/1315/1293 1300/1322/1300 1163/1369/1163
f 1161/1371/1161 1286/1303/1286 1293/1315/1293 1162/1370/1162
f 1160/1349/1160 1279/1300/1279 1286/1303/1286 1161/1371/1161
f 1328/1372/1328 1329/1373/1329 1336/1374/1336 1335/1375/1335
f 1329/1373/1329 1330/1376/1330 1337/1377/1337 1336/1374/1336
f 1330/1376/1330 1331/1378/1331 1338/1379/1338 1337/1377/1337
f 1331/1378/1331 1332/1380/1332 1339/1381/1339 1338/1379/1338
f 1332/1380/1332 1333/1382/1333 1340/1383/1340 1339/1381/1339
f 1333/1382/1333 1334/1384/1334 1341/1385/1341 1340/1383/1340
f 1335/1375/1335 1336/1374/1336 1343/1386/1343 1342/1387/1342
f 1336/1374/1336 1337/1377/1337 1344/1388/1344 1343/1386/1343
f 1337/1377/1337 1338/1379/1338 1345/1389/1345 1344/1388/1344
f 1338/1379/1338 1339/1381/1339 1346/1390/1346 1345/1389/1345
f 1339/1381/1339 1340/1383/1340 1347/1391/1347 1346/1390/1346
f 1340/1383/1340 1341/1385/1341 1348/1392/1348 1347/1391/1347
f 1342/1387/1342 1343/1386/1343 1350/1393/1350 1349/1394/1349
f 1343/1386/1343 1344/1388/1344 1351/1395/1351 1350/1393/1350
f 1344/1388/1344 1345/1389/1345 1352/1396/1352 1351/1395/1351
f 1345/1389/1345 1346/1390/1346 1353/1397/1353 1352/1396/1352
f 1346/1390/1346 1347/1391/1347 1354/1398/1354 1353/1397/1353
f 1347/1391/1347 1348/1392/1348 1355/1399/1355 1354/1398/1354
f 1349/1394/1349 1350/1393/1350 1357/1400/1357 1356/1401/1356
f 1350/1393/1350 1351/1395/1351 1358/1402/1358 1357/1400/1357
f 1351/1395/1351 1352/1396/1352 1359/1403/1359 1358/1402/1358
f 1352/1396/1352 1353/1397/1353 1360/1404/1360 1359/1403/1359
f 1353/1397/1353 1354/1398/1354 1361/1405/1361 1360/1404/1360
f 1354/1398/1354 1355/1399/1355 1362/1406/1362 1361/1405/1361
f 1356/1401/1356 1357/1400/1357 1364/1407/1364 1363/1408/1363
f 1357/1400/1357 1358/1402/1358 1365/1409/1365 1364/1407/1364
f 1358/1402/1358 1359/1403/1359 1366/1410/1366 1365/1409/1365
f 1359/1403/1359 1360/1404/1360 1367/1411/1367 1366/1410/1366
f 1360/1404/1360 1361/1405/1361 1368/1412/1368 1367/1411/1367
f 1361/1405/1361 1362/1406/1362 1369/1413/1369 1368/1412/1368
f 1363/1408/1363 1364/1407/1364 1371/1414/1371 1370/1415/1370
f 1364/1407/1364 1365/1409/1365 1372/1416/1372 1371/1414/1371
f 1365/1409/1365 1366/1410/1366 1373/1417/1373 1372/1416/1372
f 1366/1410/1366 1367/1411/1367 1374/1418/1374 1373/1417/1373
f 1367/1411/1367 1368/1412/1368 1375/1419/1375 1374/1418/1374
f 1368/1412/1368 1369/1413/1369 1376/1420/1376 1375/1419/1375
f 1040/1366/1040 1152/1364/1152 1328/1372/1328 1153/1421/1153
f 1152/1364/1152 1151/1363/1151 1329/1373/1329 1328/1372/1328
f 1151/1363/1151 1150/1362/1150 1330/1376/1330 1329/1373/1329
f 1150/1362/1150 1149/1361/1149 1331/1378/1331 1330/1376/1330
f 1149/1361/1149 1148/1360/1148 1332/1380/1332 1331/1378/1331
f 1148/1360/1148 1147/1359/1147 1333/1382/1333 1332/1380/1332
f 1147/1359/1147 1146/1358/1146 1334/1384/1334 1333/1382/1333
f 1146/1358/1146 1034/1357/1034 1118/1422/1118 1334/1384/1334
f 1334/1384/1334 1118/1422/1118 1119/1423/1119 1341/1385/1341
f 1341/1385/1341 1119/1423/1119 1120/1424/1120 1348/1392/1348
f 1348/1392/1348 1120/1424/1120 1121/1425/1121 1355/1399/1355
f 1355/1399/1355 1121/1425/1121 1122/1426/1122 1362/1406/1362
f 1362/1406/1362 1122/1426/1122 1123/1427/1123 1369/1413/1369
f 1369/1413/1369 1123/1427/1123 1124/1428/1124 1376/1420/1376
f 1376/1420/1376 1124/1428/1124 1030/1429/1030 1054/1430/1054
f 1375/1419/1375 1376/1420/1376 1054/1430/1054 1053/1431/1053
f 1374/1418/1374 1375/1419/1375 1053/1431/1053 1052/1432/1052
f 1373/1417/1373 1374/1418/1374 1052/1432/1052 1051/1433/1051
f 1372/1416/1372 1373/1417/1373 1051/1433/1051 1050/1434/1050
f 1371/1414/1371 1372/1416/1372 1050/1434/1050 1049/1435/1049
f 1370/1415/1370 1371/1414/1371 1049/1435/1049 1048/1436/1048
f 1159/1437/1159 1370/1415/1370 1048/1436/1048 1037/1438/1037
f 1158/1439/1158 1363/1408/1363 1370/1415/1370 1159/1437/1159
f 1157/1440/1157 1356/1401/1356 1363/1408/1363 1158/1439/1158
f 1156/1441/1156 1349/1394/1349 1356/1401/1356 1157/1440/1157
f 1155/1442/1155 1342/1387/1342 1349/1394/1349 1156/1441/1156
f 1154/1443/1154 1335/1375/1335 1342/1387/1342 1155/1442/1155
f 1153/1421/1153 1328/1372/1328 1335/1375/1335 1154/1443/1154
f 1377/1444/1377 1378/1445/1378 1385/1446/1385 1384/1447/1384
f 1378/1445/1378 1379/1448/1379 1386/1449/1386 1385/1446/1385
f 1379/1448/1379 1380/1450/1380 1387/1451/1387 1386/1449/1386
f 1380/1450/1380 1381/1452/1381 1388/1453/1388 1387/1451/1387
f 1381/1452/1381 1382/1454/1382 1389/1455/1389 1388/1453/1388
f 1382/1454/1382 1383/1456/1383 1390/1457/1390 1389/1455/1389
f 1384/1447/1384 1385/1446/1385 1392/1458/1392 1391/1459/1391
f 1385/1446/1385 1386/1449/1386 1393/1460/1393 1392/1458/1392
f 1386/1449/1386 1387/1451/1387 1394/1461/1394 1393/1460/1393
f 1387/1451/1387 1388/1453/1388 1395/1462/1395 1394/1461/1394
f 1388/1453/1388 1389/1455/1389 1396/1463/1396 1395/1462/1395
f 1389/1455/1389 1390/1457/1390 1397/1464/1397 1396/1463/1396
f 1391/1459/1391 1392/1458/1392 1399/1465/1399 1398/1466/1398
f 1392/1458/1392 1393/1460/1393 1400/1467/1400 1399/1465/1399
f 1393/1460/1393 1394/1461/1394 1401/1468/1401 1400/1467/1400
f 1394/1461/1394 1395/1462/1395 1402/1469/1402 1401/1468/1401
f 1395/1462/1395 1396/1463/1396 1403/1470/1403 1402/1469/1402
f 1396/1463/1396 1397/1464/1397 1404/1471/1404 1403/1470/1403
f 1398/1466/1398 1399/1465/1399 1406/1472/1406 1405/1473/1405
f 1399/1465/1399 1400/1467/1400 1407/1474/1407 1406/1472/1406
f 1400/1467/1400 1401/1468/1401 1408/1475/1408 1407/1474/1407
f 1401/1468/1401 1402/1469/1402 1409/1476/1409 1408/1475/1408
f 1402/1469/1402 1403/1470/1403 1410/1477/1410 1409/1476/1409
f 1403/1470/1403 1404/1471/1404 1411/1478/1411 1410/1477/1410
f 1405/1473/1405 1406/1472/1406 1413/1479/1413 1412/1480/1412
f 1406/1472/1406 1407/1474/1407 1414/1481/1414 1413/1479/1413
f 1407/1474/1407 1408/1475/1408 1415/1482/1415 1414/1481/1414
f 1408/1475/1408 1409/1476/1409 1416/1483/1416 1415/1482/1415
f 1409/1476/1409 1410/1477/1410 1417/1484/1417 1416/1483/1416
f 1410/1477/1410 1411/1478/1411 1418/1485/1418 1417/1484/1417
f 1412/1480/1412 1413/1479/1413 1420/1486/1420 1419/1487/1419
f 1413/1479/1413 1414/1481/1414 1421/1488/1421 1420/1486/1420
f 1414/1481/1414 1415/1482/1415 1422/1489/1422 1421/1488/1421
f 1415/1482/1415 1416/1483/1416 1423/1490/1423 1422/1489/1422
f 1416/1483/1416 1417/1484/1417 1424/1491/1424 1423/1490/1423
f 1417/1484/1417 1418/1485/1418 1425/1492/1425 1424/1491/1424
f 1031/1493/1031 1075/1494/1075 1377/1444/1377 1041/1495/1041
f 1075/1494/1075 1074/1496/1074 1378/1445/1378 1377/1444/1377
f 1074/1496/1074 1073/1497/1073 1379/1448/1379 1378/1445/1378
f 1073/1497/1073 1072/1498/1072 1380/1450/1380 1379/1448/1379
f 1072/1498/1072 1071/1499/1071 1381/1452/1381 1380/1450/1380
f 1071/1499/1071 1070/1500/1070 1382/1454/1382 1381/1452/1381
f 1070/1500/1070 1069/1501/1069 1383/1456/1383 1382/1454/1382
f 1069/1501/1069 1035/1502/1035 1096/1503/1096 1383/1456/1383
f 1383/1456/1383 1096/1503/1096 1095/1504/1095 1390/1457/1390
f 1390/1457/1390 1095/1504/1095 1094/1505/1094 1397/1464/1397
f 1397/1464/1397 1094/1505/1094 1093/1506/1093 1404/1471/1404
f 1404/1471/1404 1093/1506/1093 1092/1507/1092 1411/1478/1411
f 1411/1478/1411 1092/1507/1092 1091/1508/1091 1418/1485/1418
f 1418/1485/1418 1091/1508/1091 1090/1509/1090 1425/1492/1425
f 1425/1492/1425 1090/1509/1090 1033/1510/1033 1117/1511/1117
f 1424/1491/1424 1425/1492/1425 1117/1511/1117 1116/1512/1116
f 1423/1490/1423 1424/1491/1424 1116/1512/1116 1115/1513/1115
f 1422/1489/1422 1423/1490/1423 1115/1513/1115 1114/1514/1114
f 1421/1488/1421 1422/1489/1422 1114/1514/1114 1113/1515/1113
f 1420/1486/1420 1421/1488/1421 1113/1515/1113 1112/1516/1112
f 1419/1487/1419 1420/1486/1420 1112/1516/1112 1111/1517/1111
f 1047/1518/1047 1419/1487/1419 1111/1517/1111 1029/1519/1029
f 1046/1520/1046 1412/1480/1412 1419/1487/1419 1047/1518/1047
f 1045/1521/1045 1405/1473/1405 1412/1480/1412 1046/1520/1046
f 1044/1522/1044 1398/1466/1398 1405/1473/1405 1045/1521/1045
f 1043/1523/1043 1391/1459/1391 1398/1466/1398 1044/1522/1044
f 1042/1524/1042 1384/1447/1384 1391/1459/1391 1043/1523/1043
f 1041/1495/1041 1377/1444/1377 1384/1447/1384 1042/1524/1042
f 1426/1525/1426 1427/1526/1427 1434/1527/1434 1433/1528/1433
f 1427/1526/1427 1428/1529/1428 1435/1530/1435 1434/1527/1434
f 1428/1529/1428 1429/1531/1429 1436/1532/1436 1435/1530/1435
f 1429/1531/1429 1430/1533/1430 1437/1534/1437 1436/1532/1436
f 1430/1533/1430 1431/1535/1431 1438/1536/1438 1437/1534/1437
f 1431/1535/1431 1432/1537/1432 1439/1538/1439 1438/1536/1438
f 1433/1528/1433 1434/1527/1434 1441/1539/1441 1440/1540/1440
f 1434/1527/1434 1435/1530/1435 1442/1541/1442 1441/1539/1441
f 1435/1530/1435 1436/1532/1436 1443/1542/1443 1442/1541/1442
f 1436/1532/1436 1437/1534/1437 1444/1543/1444 1443/1542/1443
f 1437/1534/1437 1438/1536/1438 1445/1544/1445 1444/1543/1444
f 1438/1536/1438 1439/1538/1439 1446/1545/1446 1445/1544/1445
f 1440/1540/1440 1441/1539/1441 1448/1546/1448 1447/1547/1447
f 1441/1539/1441 1442/1541/1442 1449/1548/1449 1448/1546/1448
f 1442/1541/1442 1443/1542/1443 1450/1549/1450 1449/1548/1449
f 1443/1542/1443 1444/1543/1444 1451/1550/1451 1450/1549/1450
f 1444/1543/1444 1445/1544/1445 1452/1551/1452 1451/1550/1451
f 1445/1544/1445 1446/1545/1446 1453/1552/1453 1452/1551/1452
f 1447/1547/1447 1448/1546/1448 1455/1553/1455 1454/1554/1454
f 1448/1546/1448 1449/1548/1449 1456/1555/1456 1455/1553/1455
f 1449/1548/1449 1450/1549/1450 1457/1556/1457 1456/1555/1456
f 1450/1549/1450 1451/1550/1451 1458/1557/1458 1457/1556/1457
f 1451/1550/1451 1452/1551/1452 1459/1558/1459 1458/1557/1458
f 1452/1551/1452 1453/1552/1453 1460/1559/1460 1459/1558/1459
f 1454/1554/1454 1455/1553/1455 1462/1560/1462 1461/1561/1461
f 1455/1553/1455 1456/1555/1456 1463/1562/1463 1462/1560/1462
f 1456/1555/1456 1457/1556/1457 1464/1563/1464 1463/1562/1463
f 1457/1556/1457 1458/1557/1458 1465/1564/1465 1464/1563/1464
f 1458/1557/1458 1459/1558/1459 1466/1565/1466 1465/1564/1465
f 1459/1558/1459 1460/1559/1460 1467/1566/1467 1466/1565/1466
f 1461/1561/1461 1462/1560/1462 1469/1567/1469 1468/1568/1468
f 1462/1560/1462 1463/1562/1463 1470/1569/1470 1469/1567/1469
f 1463/1562/1463 1464/1563/1464 1471/1570/1471 1470/1569/1470
f 1464/1563/1464 1465/1564/1465 1472/1571/1472 1471/1570/1471
f 1465/1564/1465 1466/1565/1466 1473/1572/1473 1472/1571/1472
f 1466/1565/1466 1467/1566/1467 1474/1573/1474 1473/1572/1473
f 1036/1285/1036 1082/1574/1082 1426/1525/1426 1097/1350/1097
f 1082/1574/1082 1081/1575/1081 1427/1526/1427 1426/1525/1426
f 1081/1575/1081 1080/1576/1080 1428/1529/1428 1427/1526/1427
f 1080/1576/1080 1079/1577/1079 1429/1531/1429 1428/1529/1428
f 1079/1577/1079 1078/1578/1078 1430/1533/1430 1429/1531/1429
f 1078/1578/1078 1077/1579/1077 1431/1535/1431 1430/1533/1430
f 1077/1579/1077 1076/1580/1076 1432/1537/1432 1431/1535/1431
f 1076/1580/1076 1032/1581/1032 1061/1582/1061 1432/1537/1432
f 1432/1537/1432 1061/1582/1061 1060/1583/1060 1439/1538/1439
f 1439/1538/1439 1060/1583/1060 1059/1584/1059 1446/1545/1446
f 1446/1545/1446 1059/1584/1059 1058/1585/1058 1453/1552/1453
f 1453/1552/1453 1058/1585/1058 1057/1586/1057 1460/1559/1460
f 1460/1559/1460 1057/1586/1057 1056/1587/1056 1467/1566/1467
f 1467/1566/1467 1056/1587/1056 1055/1588/1055 1474/1573/1474
f 1474/1573/1474 1055/1588/1055 1030/1589/1030 1124/1590/1124
f 1473/1572/1473 1474/1573/1474 1124/1590/1124 1123/1591/1123
f 1472/1571/1472 1473/1572/1473 1123/1591/1123 1122/1592/1122
f 1471/1570/1471 1472/1571/1472 1122/1592/1122 1121/1593/1121
f 1470/1569/1470 1471/1570/1471 1121/1593/1121 1120/1594/1120
f 1469/1567/1469 1470/1569/1470 1120/1594/1120 1119/1595/1119
f 1468/1568/1468 1469/1567/1469 1119/1595/1119 1118/1596/1118
f 1103/1356/1103 1468/1568/1468 1118/1596/1118 1034/1357/1034
f 1102/1355/1102 1461/1561/1461 1468/1568/1468 1103/1356/1103
f 1101/1354/1101 1454/1554/1454 1461/1561/1461 1102/1355/1102
f 1100/1353/1100 1447/1547/1447 1454/1554/1454 1101/1354/1101
f 1099/1352/1099 1440/1540/1440 1447/1547/1447 1100/1353/1100
f 1098/1351/1098 1433/1528/1433 1440/1540/1440 1099/1352/1099
f 1097/1350/1097 1426/1525/1426 1433/1528/1433 1098/1351/1098
f 1475/1597/1475 1476/1598/1476 1483/1599/1483 1482/1600/1482
f 1476/1598/1476 1477/1601/1477 1484/1602/1484 1483/1599/1483
f 1477/1601/1477 1478/1603/1478 1485/1604/1485 1484/1602/1484
f 1478/1603/1478 1479/1605/1479 1486/1606/1486 1485/1604/1485
f 1479/1605/1479 1480/1607/1480 1487/1608/1487 1486/1606/1486
f 1480/1607/1480 1481/1609/1481 1488/1610/1488 1487/1608/1487
f 1482/1600/1482 1483/1599/1483 1490/1611/1490 1489/1612/1489
f 1483/1599/1483 1484/1602/1484 1491/1613/1491 1490/1611/1490
f 1484/1602/1484 1485/1604/1485 1492/1614/1492 1491/1613/1491
f 1485/1604/1485 1486/1606/1486 1493/1615/1493 1492/1614/1492
f 1486/1606/1486 1487/1608/1487 1494/1616/1494 1493/1615/1493
f 1487/1608/1487 1488/1610/1488 1495/1617/1495 1494/1616/1494
f 1489/1612/1489 1490/1611/1490 1497/1618/1497 1496/1619/1496
f 1490/1611/1490 1491/1613/1491 1498/1620/1498 1497/1618/1497
f 1491/1613/1491 1492/1614/1492 1499/1621/1499 1498/1620/1498
f 1492/1614/1492 1493/1615/1493 1500/1622/1500 1499/1621/1499
f 1493/1615/1493 1494/1616/1494 1501/1623/1501 1500/1622/1500
f 1494/1616/1494 1495/1617/1495 1502/1624/1502 1501/1623/1501
f 1496/1619/1496 1497/1618/1497 1504/1625/1504 1503/1626/1503
f 1497/1618/1497 1498/1620/1498 1505/1627/1505 1504/1625/1504
f 1498/1620/1498 1499/1621/1499 1506/1628/1506 1505/1627/1505
f 1499/1621/1499 1500/1622/1500 1507/1629/1507 1506/1628/1506
f 1500/1622/1500 1501/1623/1501 1508/1630/1508 1507/1629/1507
f 1501/1623/1501 1502/1624/1502 1509/1631/1509 1508/1630/1508
f 1503/1626/1503 1504/1625/1504 1511/1632/1511 1510/1633/1510
f 1504/1625/1504 1505/1627/1505 1512/1634/1512 1511/1632/1511
f 1505/1627/1505 1506/1628/1506 1513/1635/1513 1512/1634/1512
f 1506/1628/1506 1507/1629/1507 1514/1636/1514 1513/1635/1513
f 1507/1629/1507 1508/1630/1508 1515/1637/1515 1514/1636/1514
f 1508/1630/1508 1509/1631/1509 1516/1638/1516 1515/1637/1515
f 1510/1633/1510 1511/1632/1511 1518/1639/1518 1517/1640/1517
f 1511/1632/1511 1512/1634/1512 1519/1641/1519 1518/1639/1518
f 1512/1634/1512 1513/1635/1513 1520/1642/1520 1519/1641/1519
f 1513/1635/1513 1514/1636/1514 1521/1643/1521 1520/1642/1520
f 1514/1636/1514 1515/1637/1515 1522/1644/1522 1521/1643/1521
f 1515/1637/1515 1516/1638/1516 1523/1645/1523 1522/1644/1522
f 1033/1510/1033 1110/1646/1110 1475/1597/1475 1117/1647/1117
f 1110/1646/1110 1109/1648/1109 1476/1598/1476 1475/1597/1475
f 1109/1648/1109 1108/1649/1108 1477/1601/1477 1476/1598/1476
f 1108/1649/1108 1107/1650/1107 1478/1603/1478 1477/1601/1477
f 1107/1650/1107 1106/1651/1106 1479/1605/1479 1478/1603/1478
f 1106/1651/1106 1105/1652/1105 1480/1607/1480 1479/1605/1479
f 1105/1652/1105 1104/1653/1104 1481/1609/1481 1480/1607/1480
f 1104/1653/1104 1040/1366/1040 1153/1421/1153 1481/1609/1481
f 1481/1609/1481 1153/1421/1153 1154/1443/1154 1488/1610/1488
f 1488/1610/1488 1154/1443/1154 1155/1442/1155 1495/1617/1495
f 1495/1617/1495 1155/1442/1155 1156/1441/1156 1502/1624/1502
f 1502/1624/1502 1156/1441/1156 1157/1440/1157 1509/1631/1509
f 1509/1631/1509 1157/1440/1157 1158/1439/1158 1516/1638/1516
f 1516/1638/1516 1158/1439/1158 1159/1437/1159 1523/1645/1523
f 1523/1645/1523 1159/1437/1159 1037/1438/1037 1131/1654/1131
f 1522/1644/1522 1523/1645/1523 1131/1654/1131 1130/1655/1130
f 1521/1643/1521 1522/1644/1522 1130/1655/1130 1129/1656/1129
f 1520/1642/1520 1521/1643/1521 1129/1656/1129 1128/1657/1128
f 1519/1641/1519 1520/1642/1520 1128/1657/1128 1127/1658/1127
f 1518/1639/1518 1519/1641/1519 1127/1658/1127 1126/1659/1126
f 1517/1640/1517 1518/1639/1518 1126/1659/1126 1125/1660/1125
f 1111/1661/1111 1517/1640/1517 1125/1660/1125 1029/1662/1029
f 1112/1663/1112 1510/1633/1510 1517/1640/1517 1111/1661/1111
f 1113/1664/1113 1503/1626/1503 1510/1633/1510 1112/1663/1112
f 1114/1665/1114 1496/1619/1496 1503/1626/1503 1113/1664/1113
f 1115/1666/1115 1489/1612/1489 1496/1619/1496 1114/1665/1114
f 1116/1667/1116 1482/1600/1482 1489/1612/1489 1115/1666/1115
f 1117/1647/1117 1475/1597/1475 1482/1600/1482 1116/1667/1116
f 1524/1668/1524 1525/1669/1525 1532/1670/1532 1531/1671/1531
f 1525/1669/1525 1526/1672/1526 1533/1673/1533 1532/1670/1532
f 1526/1672/1526 1527/1674/1527 1534/1675/1534 1533/1673/1533
f 1527/1674/1527 1528/1676/1528 1535/1677/1535 1534/1675/1534
f 1528/1676/1528 1529/1678/1529 1536/1679/1536 1535/1677/1535
f 1529/1678/1529 1530/1680/1530 1537/1681/1537 1536/1679/1536
f 1531/1671/1531 1532/1670/1532 1539/1682/1539 1538/1683/1538
f 1532/1670/1532 1533/1673/1533 1540/1684/1540 1539/1682/1539
f 1533/1673/1533 1534/1675/1534 1541/1685/1541 1540/1684/1540
f 1534/1675/1534 1535/1677/1535 1542/1686/1542 1541/1685/1541
f 1535/1677/1535 1536/1679/1536 1543/1687/1543 1542/1686/1542
f 1536/1679/1536 1537/1681/1537 1544/1688/1544 1543/1687/1543
f 1538/1683/1538 1539/1682/1539 1546/1689/1546 1545/1690/1545
f 1539/1682/1539 1540/1684/1540 1547/1691/1547 1546/1689/1546
f 1540/1684/1540 1541/1685/1541 1548/1692/1548 1547/1691/1547
f 1541/1685/1541 1542/1686/1542 1549/1693/1549 1548/1692/1548
f 1542/1686/1542 1543/1687/1543 1550/1694/1550 1549/1693/1549
f 1543/1687/1543 1544/1688/1544 1551/1695/1551 1550/1694/1550
f 1545/1690/1545 1546/1689/1546 1553/1696/1553 1552/1697/1552
f 1546/1689/1546 1547/1691/1547 1554/1698/1554 1553/1696/1553
f 1547/1691/1547 1548/1692/1548 1555/1699/1555 1554/1698/1554
f 1548/1692/1548 1549/1693/1549 1556/1700/1556 1555/1699/1555
f 1549/1693/1549 1550/1694/1550 1557/1701/1557 1556/1700/1556
f 1550/1694/1550 1551/1695/1551 1558/1702/1558 1557/1701/1557
f 1552/1697/1552 1553/1696/1553 1560/1703/1560 1559/1704/1559
f 1553/1696/1553 1554/1698/1554 1561/1705/1561 1560/1703/1560
f 1554/1698/1554 1555/1699/1555 1562/1706/1562 1561/1705/1561
f 1555/1699/1555 1556/1700/1556 1563/1707/1563 1562/1706/1562
f 1556/1700/1556 1557/1701/1557 1564/1708/1564 1563/1707/1563
f 1557/1701/1557 1558/1702/1558 1565/1709/1565 1564/1708/1564
f 1559/1704/1559 1560/1703/1560 1567/1710/1567 1566/1711/1566
f 1560/1703/1560 1561/1705/1561 1568/1712/1568 1567/1710/1567
f 1561/1705/1561 1562/1706/1562 1569/1713/1569 1568/1712/1568
f 1562/1706/1562 1563/1707/1563 1570/1714/1570 1569/1713/1569
f 1563/1707/1563 1564/1708/1564 1571/1715/1571 1570/1714/1570
f 1564/1708/1564 1565/1709/1565 1572/1716/1572 1571/1715/1571
f 1035/1502/1035 1089/1717/1089 1524/1668/1524 1096/1503/1096
f 1089/1717/1089 1088/1718/1088 1525/1669/1525 1524/1668/1524
f 1088/1718/1088 1087/1719/1087 1526/1672/1526 1525/1669/1525
f 1087/1719/1087 1086/1720/1086 1527/1674/1527 1526/1672/1526
f 1086/1720/1086 1085/1721/1085 1528/1676/1528 1527/1674/1527
f 1085/1721/1085 1084/1722/1084 1529/1678/1529 1528/1676/1528
f 1084/1722/1084 1083/1723/1083 1530/1680/1530 1529/1678/1529
f 1083/1723/1083 1039/1294/1039 1160/1349/1160 1530/1680/1530
f 1530/1680/1530 1160/1349/1160 1161/1371/1161 1537/1681/1537
f 1537/1681/1537 1161/1371/1161 1162/1370/1162 1544/1688/1544
f 1544/1688/1544 1162/1370/1162 1163/1369/1163 1551/1695/1551
f 1551/1695/1551 1163/1369/1163 1164/1368/1164 1558/1702/1558
f 1558/1702/1558 1164/1368/1164 1165/1367/1165 1565/1709/1565
f 1565/1709/1565 1165/1367/1165 1166/1365/1166 1572/1716/1572
f 1572/1716/1572 1166/1365/1166 1040/1366/1040 1104/1653/1104
f 1571/1715/1571 1572/1716/1572 1104/1653/1104 1105/1652/1105
f 1570/1714/1570 1571/1715/1571 1105/1652/1105 1106/1651/1106
f 1569/1713/1569 1570/1714/1570 1106/1651/1106 1107/1650/1107
f 1568/1712/1568 1569/1713/1569 1107/1650/1107 1108/1649/1108
f 1567/1710/1567 1568/1712/1568 1108/1649/1108 1109/1648/1109
f 1566/1711/1566 1567/1710/1567 1109/1648/1109 1110/1646/1110
f 1090/1509/1090 1566/1711/1566 1110/1646/1110 1033/1510/1033
f 1091/1508/1091 1559/1704/1559 1566/1711/1566 1090/1509/1090
f 1092/1507/1092 1552/1697/1552 1559/1704/1559 1091/1508/1091
f 1093/1506/1093 1545/1690/1545 1552/1697/1552 1092/1507/1092
f 1094/1505/1094 1538/1683/1538 1545/1690/1545 1093/1506/1093
f 1095/1504/1095 1531/1671/1531 1538/1683/1538 1094/1505/1094
f 1096/1503/1096 1524/1668/1524 1531/1671/1531 1095/1504/1095
f 1573/1724/1573 1574/1725/1574 1581/1726/1581 1580/1727/1580
f 1574/1725/1574 1575/1728/1575 1582/1729/1582 1581/1726/1581
f 1575/1728/1575 1576/1730/1576 1583/1731/1583 1582/1729/1582
f 1576/1730/1576 1577/1732/1577 1584/1733/1584 1583/1731/1583
f 1577/1732/1577 1578/1734/1578 1585/1735/1585 1584/1733/1584
f 1578/1734/1578 1579/1736/1579 1586/1737/1586 1585/1735/1585
f 1580/1727/1580 1581/1726/1581 1588/1738/1588 1587/1739/1587
f 1581/1726/1581 1582/1729/1582 1589/1740/1589 1588/1738/1588
f 1582/1729/1582 1583/1731/1583 1590/1741/1590 1589/1740/1589
f 1583/1731/1583 1584/1733/1584 1591/1742/1591 1590/1741/1590
f 1584/1733/1584 1585/1735/1585 1592/1743/1592 1591/1742/1591
f 1585/1735/1585 1586/1737/1586 1593/1744/1593 1592/1743/1592
f 1587/1739/1587 1588/1738/1588 1595/1745/1595 1594/1746/1594
f 1588/1738/1588 1589/1740/1589 1596/1747/1596 1595/1745/1595
f 1589/1740/1589 1590/1741/1590 1597/1748/1597 1596/1747/1596
f 1590/1741/1590 1591/1742/1591 1598/1749/1598 1597/1748/1597
f 1591/1742/1591 1592/1743/1592 1599/1750/1599 1598/1749/1598
f 1592/1743/1592 1593/1744/1593 1600/1751/1600 1599/1750/1599
f 1594/1746/1594 1595/1745/1595 1602/1752/1602 1601/1753/1601
f 1595/1745/1595 1596/1747/1596 1603/1754/1603 1602/1752/1602
f 1596/1747/1596 1597/1748/1597 1604/1755/1604 1603/1754/1603
f 1597/1748/1597 1598/1749/1598 1605/1756/1605 1604/1755/1604
f 1598/1749/1598 1599/1750/1599 1606/1757/1606 1605/1756/1605
f 1599/1750/1599 1600/1751/1600 1607/1758/1607 1606/1757/1606
f 1601/1753/1601 1602/1752/1602 1609/1759/1609 1608/1760/1608
f 1602/1752/1602 1603/1754/1603 1610/1761/1610 1609/1759/1609
f 1603/1754/1603 1604/1755/1604 1611/1762/1611 1610/1761/1610
f 1604/1755/1604 1605/1756/1605 1612/1763/1612 1611/1762/1611
f 1605/1756/1605 1606/1757/1606 1613/1764/1613 1612/1763/1612
f 1606/1757/1606 1607/1758/1607 1614/1765/1614 1613/1764/1613
f 1608/1760/1608 1609/1759/1609 1616/1766/1616 1615/1767/1615
f 1609/1759/1609 1610/1761/1610 1617/1768/1617 1616/1766/1616
f 1610/1761/1610 1611/1762/1611 1618/1769/1618 1617/1768/1617
f 1611/1762/1611 1612/1763/1612 1619/1770/1619 1618/1769/1618
f 1612/1763/1612 1613/1764/1613 1620/1771/1620 1619/1770/1619
f 1613/1764/1613 1614/1765/1614 1621/1772/1621 1620/1771/1620
f 1031/1773/1031 1068/1774/1068 1573/1724/1573 1075/1775/1075
f 1068/1774/1068 1067/1776/1067 1574/1725/1574 1573/1724/1573
f 1067/1776/1067 1066/1777/1066 1575/1728/1575 1574/1725/1574
f 1066/1777/1066 1065/1778/1065 1576/1730/1576 1575/1728/1575
f 1065/1778/1065 1064/1779/1064 1577/1732/1577 1576/1730/1576
f 1064/1779/1064 1063/1780/1063 1578/1734/1578 1577/1732/1577
f 1063/1780/1063 1062/1781/1062 1579/1736/1579 1578/1734/1578
f 1062/1781/1062 1038/1222/1038 1167/1277/1167 1579/1736/1579
f 1579/1736/1579 1167/1277/1167 1168/1299/1168 1586/1737/1586
f 1586/1737/1586 1168/1299/1168 1169/1298/1169 1593/1744/1593
f 1593/1744/1593 1169/1298/1169 1170/1297/1170 1600/1751/1600
f 1600/1751/1600 1170/1297/1170 1171/1296/1171 1607/1758/1607
f 1607/1758/1607 1171/1296/1171 1172/1295/1172 1614/1765/1614
f 1614/1765/1614 1172/1295/1172 1173/1293/1173 1621/1772/1621
f 1621/1772/1621 1173/1293/1173 1039/1294/1039 1083/1723/1083
f 1620/1771/1620 1621/1772/1621 1083/1723/1083 1084/1722/1084
f 1619/1770/1619 1620/1771/1620 1084/1722/1084 1085/1721/1085
f 1618/1769/1618 1619/1770/1619 1085/1721/1085 1086/1720/1086
f 1617/1768/1617 1618/1769/1618 1086/1720/1086 1087/1719/1087
f 1616/1766/1616 1617/1768/1617 1087/1719/1087 1088/1718/1088
f 1615/1767/1615 1616/1766/1616 1088/1718/1088 1089/1717/1089
f 1069/1782/1069 1615/1767/1615 1089/1717/1089 1035/1502/1035
f 1070/1783/1070 1608/1760/1608 1615/1767/1615 1069/1782/1069
f 1071/1784/1071 1601/1753/1601 1608/1760/1608 1070/1783/1070
f 1072/1785/1072 1594/1746/1594 1601/1753/1601 1071/1784/1071
f 1073/1786/1073 1587/1739/1587 1594/1746/1594 1072/1785/1072
f 1074/1787/1074 1580/1727/1580 1587/1739/1587 1073/1786/1073
f 1075/1775/1075 1573/1724/1573 1580/1727/1580 1074/1787/1074
f 1622/1788/1622 1623/1789/1623 1630/1790/1630 1629/1791/1629
f 1623/1789/1623 1624/1792/1624 1631/1793/1631 1630/1790/1630
f 1624/1792/1624 1625/1794/1625 1632/1795/1632 1631/1793/1631
f 1625/1794/1625 1626/1796/1626 1633/1797/1633 1632/1795/1632
f 1626/1796/1626 1627/1798/1627 1634/1799/1634 1633/1797/1633
f 1627/1798/1627 1628/1800/1628 1635/1801/1635 1634/1799/1634
f 1629/1791/1629 1630/1790/1630 1637/1802/1637 1636/1803/1636
f 1630/1790/1630 1631/1793/1631 1638/1804/1638 1637/1802/1637
f 1631/1793/1631 1632/1795/1632 1639/1805/1639 1638/1804/1638
f 1632/1795/1632 1633/1797/1633 1640/1806/1640 1639/1805/1639
f 1633/1797/1633 1634/1799/1634 1641/1807/1641 1640/1806/1640
f 1634/1799/1634 1635/1801/1635 1642/1808/1642 1641/1807/1641
f 1636/1803/1636 1637/1802/1637 1644/1809/1644 1643/1810/1643
f 1637/1802/1637 1638/1804/1638 1645/1811/1645 1644/1809/1644
f 1638/1804/1638 1639/1805/1639 1646/1812/1646 1645/1811/1645
f 1639/1805/1639 1640/1806/1640 1647/1813/1647 1646/1812/1646
f 1640/1806/1640 1641/1807/1641 1648/1814/1648 1647/1813/1647
f 1641/1807/1641 1642/1808/1642 1649/1815/1649 1648/1814/1648
f 1643/1810/1643 1644/1809/1644 1651/1816/1651 1650/1817/1650
f 1644/1809/1644 1645/1811/1645 1652/1818/1652 1651/1816/1651
f 1645/1811/1645 1646/1812/1646 1653/1819/1653 1652/1818/1652
f 1646/1812/1646 1647/1813/1647 1654/1820/1654 1653/1819/1653
f 1647/1813/1647 1648/1814/1648 1655/1821/1655 1654/1820/1654
f 1648/1814/1648 1649/1815/1649 1656/1822/1656 1655/1821/1655
f 1650/1817/1650 1651/1816/1651 1658/1823/1658 1657/1824/1657
f 1651/1816/1651 1652/1818/1652 1659/1825/1659 1658/1823/1658
f 1652/1818/1652 1653/1819/1653 1660/1826/1660 1659/1825/1659
f 1653/1819/1653 1654/1820/1654 1661/1827/1661 1660/1826/1660
f 1654/1820/1654 1655/1821/1655 1662/1828/1662 1661/1827/1661
f 1655/1821/1655 1656/1822/1656 1663/1829/1663 1662/1828/1662
f 1657/1824/1657 1658/1823/1658 1665/1830/1665 1664/1831/1664
f 1658/1823/1658 1659/1825/1659 1666/1832/1666 1665/1830/1665
f 1659/1825/1659 1660/1826/1660 1667/1833/1667 1666/1832/1666
f 1660/1826/1660 1661/1827/1661 1668/1834/1668 1667/1833/1667
f 1661/1827/1661 1662/1828/1662 1669/1835/1669 1668/1834/1668
f 1662/1828/1662 1663/1829/1663 1670/1836/1670 1669/1835/1669
f 1029/1837/1029 1125/1838/1125 1622/1788/1622 1047/1839/1047
f 1125/1838/1125 1126/1840/1126 1623/1789/1623 1622/1788/1622
f 1126/1840/1126 1127/1841/1127 1624/1792/1624 1623/1789/1623
f 1127/1841/1127 1128/1842/1128 1625/1794/1625 1624/1792/1624
f 1128/1842/1128 1129/1843/1129 1626/1796/1626 1625/1794/1625
f 1129/1843/1129 1130/1844/1130 1627/1798/1627 1626/1796/1626
f 1130/1844/1130 1131/1845/1131 1628/1800/1628 1627/1798/1627
f 1131/1845/1131 1037/1196/1037 1174/1198/1174 1628/1800/1628
f 1628/1800/1628 1174/1198/1174 1175/1227/1175 1635/1801/1635
f 1635/1801/1635 1175/1227/1175 1176/1226/1176 1642/1808/1642
f 1642/1808/1642 1176/1226/1176 1177/1225/1177 1649/1815/1649
f 1649/1815/1649 1177/1225/1177 1178/1224/1178 1656/1822/1656
f 1656/1822/1656 1178/1224/1178 1179/1223/1179 1663/1829/1663
f 1663/1829/1663 1179/1223/1179 1180/1221/1180 1670/1836/1670
f 1670/1836/1670 1180/1221/1180 1038/1222/1038 1062/1781/1062
f 1669/1835/1669 1670/1836/1670 1062/1781/1062 1063/1780/1063
f 1668/1834/1668 1669/1835/1669 1063/1780/1063 1064/1779/1064
f 1667/1833/1667 1668/1834/1668 1064/1779/1064 1065/1778/1065
f 1666/1832/1666 1667/1833/1667 1065/1778/1065 1066/1777/1066
f 1665/1830/1665 1666/1832/1666 1066/1777/1066 1067/1776/1067
f 1664/1831/1664 1665/1830/1665 1067/1776/1067 1068/1774/1068
f 1041/1846/1041 1664/1831/1664 1068/1774/1068 1031/1773/1031
f 1042/1847/1042 1657/1824/1657 1664/1831/1664 1041/1846/1041
f 1043/1848/1043 1650/1817/1650 1657/1824/1657 1042/1847/1042
f 1044/1849/1044 1643/1810/1643 1650/1817/1650 1043/1848/1043
f 1045/1850/1045 1636/1803/1636 1643/1810/1643 1044/1849/1044
f 1046/1851/1046 1629/1791/1629 1636/1803/1636 1045/1850/1045
f 1047/1839/1047 1622/1788/1622 1629/1791/1629 1046/1851/1046
o ICO球
v 0.732985 -0.372664 -0.295640
v 0.824738 -0.198388 -0.215567
v 0.697939 -0.198388 -0.166077
v 0.619573 -0.198387 -0.295640
v 0.697939 -0.198388 -0.425202
v 0.824738 -0.198388 -0.375713
v 0.768031 0.083604 -0.166077
v 0.641232 0.083604 -0.215567
v 0.641232 0.083604 -0.375713
v 0.768031 0.083604 -0.425202
v 0.846398 0.083603 -0.295640
v 0.732985 0.257881 -0.295640
v 0.712386 -0.325580 -0.219486
v 0.786916 -0.325580 -0.248574
v 0.766317 -0.223142 -0.172419
v 0.840847 -0.223142 -0.295640
v 0.786916 -0.325580 -0.342705
v 0.666323 -0.325579 -0.295640
v 0.645723 -0.223142 -0.219485
v 0.712386 -0.325580 -0.371794
v 0.645723 -0.223142 -0.371794
v 0.766317 -0.223142 -0.418860
v 0.853579 -0.057392 -0.248574
v 0.853579 -0.057392 -0.342705
v 0.732985 -0.057392 -0.143330
v 0.807516 -0.057392 -0.172419
v 0.612392 -0.057392 -0.248574
v 0.658454 -0.057392 -0.172419
v 0.658454 -0.057392 -0.418861
v 0.612392 -0.057392 -0.342705
v 0.807516 -0.057392 -0.418861
v 0.732985 -0.057392 -0.447950
v 0.820247 0.108359 -0.219485
v 0.699654 0.108359 -0.172419
v 0.625124 0.108358 -0.295640
v 0.699654 0.108359 -0.418860
v 0.820247 0.108359 -0.371794
v 0.753584 0.210796 -0.219486
v 0.799647 0.210795 -0.295640
v 0.679055 0.210796 -0.248574
v 0.679055 0.210796 -0.342705
v 0.753584 0.210796 -0.371794
vn -0.0000 -1.0000 -0.0000
vn 0.8369 -0.2080 0.5062
vn -0.3538 -0.2302 0.9065
vn -0.9804 -0.1971 -0.0000
vn -0.3538 -0.2302 -0.9065
vn 0.8369 -0.2080 -0.5062
vn 0.3538 0.2302 0.9065
vn -0.8369 0.2080 0.5062
vn -0.8369 0.2080 -0.5062
vn 0.3538 0.2302 -0.9065
vn 0.9804 0.1971 -0.0000
vn -0.0000 1.0000 -0.0000
vn -0.2887 -0.6079 0.7397
vn 0.7048 -0.5670 0.4263
vn 0.3490 -0.2807 0.8941
vn 0.9705 -0.2412 -0.0000
vn 0.7048 -0.5670 -0.4263
vn -0.8382 -0.5454 -0.0000
vn -0.8275 -0.2543 0.5005
vn -0.2887 -0.6079 -0.7397
vn -0.8275 -0.2543 -0.5005
vn 0.3490 -0.2807 -0.8941
vn 0.9653 -0.0000 0.2611
vn 0.9653 -0.0000 -0.2611
vn -0.0000 -0.0000 1.0000
vn 0.6575 -0.0000 0.7534
vn -0.9653 -0.0000 0.2611
vn -0.6575 -0.0000 0.7534
vn -0.6575 -0.0000 -0.7534
vn -0.9653 -0.0000 -0.2611
vn 0.6575 -0.0000 -0.7534
vn -0.0000 -0.0000 -1.0000
vn 0.8275 0.2543 0.5005
vn -0.3490 0.2807 0.8941
vn -0.9705 0.2412 -0.0000
vn -0.3490 0.2807 -0.8941
vn 0.8275 0.2543 -0.5005
vn 0.2887 0.6079 0.7397
vn 0.8382 0.5454 -0.0000
vn -0.7048 0.5670 0.4263
vn -0.7048 0.5670 -0.4263
vn 0.2887 0.6079 -0.7397
vt 0.181819 0.000000
vt 0.227273 0.078731
vt 0.136365 0.078731
vt 0.272728 0.157461
vt 0.318182 0.078731
vt 0.363637 0.157461
vt 0.909091 0.000000
vt 0.954545 0.078731
vt 0.863636 0.078731
vt 0.727273 0.000000
vt 0.772727 0.078731
vt 0.681818 0.078731
vt 0.545455 0.000000
vt 0.590909 0.078731
vt 0.500000 0.078731
vt 0.318182 0.236191
vt 0.090910 0.157461
vt 0.181819 0.157461
vt 0.136365 0.236191
vt 0.818182 0.157461
vt 0.909091 0.157461
vt 0.863636 0.236191
vt 0.636364 0.157461
vt 0.727273 0.157461
vt 0.681818 0.236191
vt 0.454546 0.157461
vt 0.545455 0.157461
vt 0.500000 0.236191
vt 0.227273 0.236191
vt 0.045455 0.236191
vt 0.772727 0.236191
vt 0.590909 0.236191
vt 0.409092 0.236191
vt 0.181819 0.314921
vt 0.272728 0.314921
vt 0.227273 0.393651
vt 0.000000 0.314921
vt 0.090910 0.314921
vt 0.045455 0.393651
vt 0.727273 0.314921
vt 0.818182 0.314921
vt 0.772727 0.393651
vt 0.545455 0.314921
vt 0.636364 0.314921
vt 0.590909 0.393651
vt 0.363637 0.314921
vt 0.454546 0.314921
vt 0.409092 0.393651
vt 0.500000 0.393651
vt 0.454546 0.472382
vt 0.681818 0.393651
vt 0.636364 0.472382
vt 0.863636 0.393651
vt 0.818182 0.472382
vt 0.909091 0.314921
vt 0.136365 0.393651
vt 0.090910 0.472382
vt 0.318182 0.393651
vt 0.272728 0.472382
vt 0.954545 0.236191
vt 1.000000 0.157461
vt 0.409092 0.078731
vt 0.363637 0.000000
s 1
f 1671/1852/1671 1684/1853/1684 1683/1854/1683
f 1672/1855/1672 1684/1856/1684 1686/1857/1686
f 1671/1858/1671 1683/1859/1683 1688/1860/1688
f 1671/1861/1671 1688/1862/1688 1690/1863/1690
f 1671/1864/1671 1690/1865/1690 1687/1866/1687
f 1672/1855/1672 1686/1857/1686 1693/1867/1693
f 1673/1868/1673 1685/1869/1685 1695/1870/1695
f 1674/1871/1674 1689/1872/1689 1697/1873/1697
f 1675/1874/1675 1691/1875/1691 1699/1876/1699
f 1676/1877/1676 1692/1878/1692 1701/1879/1701
f 1672/1855/1672 1693/1867/1693 1696/1880/1696
f 1673/1868/1673 1695/1870/1695 1698/1881/1698
f 1674/1871/1674 1697/1873/1697 1700/1882/1700
f 1675/1874/1675 1699/1876/1699 1702/1883/1702
f 1676/1877/1676 1701/1879/1701 1694/1884/1694
f 1677/1885/1677 1703/1886/1703 1708/1887/1708
f 1678/1888/1678 1704/1889/1704 1710/1890/1710
f 1679/1891/1679 1705/1892/1705 1711/1893/1711
f 1680/1894/1680 1706/1895/1706 1712/1896/1712
f 1681/1897/1681 1707/1898/1707 1709/1899/1709
f 1709/1899/1709 1712/1900/1712 1682/1901/1682
f 1709/1899/1709 1707/1898/1707 1712/1900/1712
f 1707/1898/1707 1680/1894/1680 1712/1900/1712
f 1712/1896/1712 1711/1902/1711 1682/1903/1682
f 1712/1896/1712 1706/1895/1706 1711/1902/1711
f 1706/1895/1706 1679/1891/1679 1711/1902/1711
f 1711/1893/1711 1710/1904/1710 1682/1905/1682
f 1711/1893/1711 1705/1892/1705 1710/1904/1710
f 1705/1892/1705 1678/1906/1678 1710/1904/1710
f 1710/1890/1710 1708/1907/1708 1682/1908/1682
f 1710/1890/1710 1704/1889/1704 1708/1907/1708
f 1704/1889/1704 1677/1885/1677 1708/1907/1708
f 1708/1887/1708 1709/1909/1709 1682/1910/1682
f 1708/1887/1708 1703/1886/1703 1709/1909/1709
f 1703/1886/1703 1681/1897/1681 1709/1909/1709
f 1694/1884/1694 1707/1898/1707 1681/1897/1681
f 1694/1884/1694 1701/1879/1701 1707/1898/1707
f 1701/1879/1701 1680/1894/1680 1707/1898/1707
f 1702/1883/1702 1706/1895/1706 1680/1894/1680
f 1702/1883/1702 1699/1876/1699 1706/1895/1706
f 1699/1876/1699 1679/1891/1679 1706/1895/1706
f 1700/1882/1700 1705/1892/1705 1679/1891/1679
f 1700/1882/1700 1697/1873/1697 1705/1892/1705
f 1697/1873/1697 1678/1906/1678 1705/1892/1705
f 1698/1881/1698 1704/1889/1704 1678/1888/1678
f 1698/1881/1698 1695/1870/1695 1704/1889/1704
f 1695/1870/1695 1677/1885/1677 1704/1889/1704
f 1696/1880/1696 1703/1886/1703 1677/1885/1677
f 1696/1880/1696 1693/1867/1693 1703/1886/1703
f 1693/1867/1693 1681/1897/1681 1703/1886/1703
f 1701/1879/1701 1702/1883/1702 1680/1894/1680
f 1701/1879/1701 1692/1878/1692 1702/1883/1702
f 1692/1878/1692 1675/1874/1675 1702/1883/1702
f 1699/1876/1699 1700/1882/1700 1679/1891/1679
f 1699/1876/1699 1691/1875/1691 1700/1882/1700
f 1691/1875/1691 1674/1871/1674 1700/1882/1700
f 1697/1873/1697 1698/1911/1698 1678/1906/1678
f 1697/1873/1697 1689/1872/1689 1698/1911/1698
f 1689/1872/1689 1673/1912/1673 1698/1911/1698
f 1695/1870/1695 1696/1880/1696 1677/1885/1677
f 1695/1870/1695 1685/1869/1685 1696/1880/1696
f 1685/1869/1685 1672/1855/1672 1696/1880/1696
f 1693/1867/1693 1694/1884/1694 1681/1897/1681
f 1693/1867/1693 1686/1857/1686 1694/1884/1694
f 1686/1857/1686 1676/1877/1676 1694/1884/1694
f 1687/1866/1687 1692/1878/1692 1676/1877/1676
f 1687/1866/1687 1690/1865/1690 1692/1878/1692
f 1690/1865/1690 1675/1874/1675 1692/1878/1692
f 1690/1863/1690 1691/1875/1691 1675/1874/1675
f 1690/1863/1690 1688/1862/1688 1691/1875/1691
f 1688/1862/1688 1674/1871/1674 1691/1875/1691
f 1688/1860/1688 1689/1872/1689 1674/1871/1674
f 1688/1860/1688 1683/1859/1683 1689/1872/1689
f 1683/1859/1683 1673/1912/1673 1689/1872/1689
f 1686/1857/1686 1687/1913/1687 1676/1877/1676
f 1686/1857/1686 1684/1856/1684 1687/1913/1687
f 1684/1856/1684 1671/1914/1671 1687/1913/1687
f 1683/1854/1683 1685/1869/1685 1673/1868/1673
f 1683/1854/1683 1684/1853/1684 1685/1869/1685
f 1684/1853/1684 1672/1855/1672 1685/1869/1685
o ICO球.001
v 0.732985 -0.372664 0.278848
v 0.824738 -0.198388 0.358921
v 0.697939 -0.198388 0.408410
v 0.619573 -0.198387 0.278848
v 0.697939 -0.198388 0.149285
v 0.824738 -0.198388 0.198775
v 0.768031 0.083604 0.408410
v 0.641232 0.083604 0.358921
v 0.641232 0.083604 0.198775
v 0.768031 0.083604 0.149285
v 0.846398 0.083603 0.278848
v 0.732985 0.257881 0.278848
v 0.712386 -0.325580 0.355002
v 0.786916 -0.325580 0.325913
v 0.766317 -0.223142 0.402068
v 0.840847 -0.223142 0.278848
v 0.786916 -0.325580 0.231782
v 0.666323 -0.325579 0.278848
v 0.645723 -0.223142 0.355002
v 0.712386 -0.325580 0.202694
v 0.645723 -0.223142 0.202693
v 0.766317 -0.223142 0.155627
v 0.853579 -0.057392 0.325913
v 0.853579 -0.057392 0.231782
v 0.732985 -0.057392 0.431158
v 0.807516 -0.057392 0.402069
v 0.612392 -0.057392 0.325913
v 0.658454 -0.057392 0.402069
v 0.658454 -0.057392 0.155627
v 0.612392 -0.057392 0.231782
v 0.807516 -0.057392 0.155627
v 0.732985 -0.057392 0.126538
v 0.820247 0.108359 0.355002
v 0.699654 0.108359 0.402068
v 0.625124 0.108358 0.278848
v 0.699654 0.108359 0.155627
v 0.820247 0.108359 0.202693
v 0.753584 0.210796 0.355002
v 0.799647 0.210795 0.278848
v 0.679055 0.210796 0.325913
v 0.679055 0.210796 0.231782
v 0.753584 0.210796 0.202694
vn -0.0000 -1.0000 -0.0000
vn 0.8369 -0.2080 0.5062
vn -0.3538 -0.2302 0.9065
vn -0.9804 -0.1971 -0.0000
vn -0.3538 -0.2302 -0.9065
vn 0.8369 -0.2080 -0.5062
vn 0.3538 0.2302 0.9065
vn -0.8369 0.2080 0.5062
vn -0.8369 0.2080 -0.5062
vn 0.3538 0.2302 -0.9065
vn 0.9804 0.1971 -0.0000
vn -0.0000 1.0000 -0.0000
vn -0.2887 -0.6079 0.7397
vn 0.7048 -0.5670 0.4263
vn 0.3490 -0.2807 0.8941
vn 0.9705 -0.2412 -0.0000
vn 0.7048 -0.5670 -0.4263
vn -0.8382 -0.5454 -0.0000
vn -0.8275 -0.2543 0.5005
vn -0.2887 -0.6079 -0.7397
vn -0.8275 -0.2543 -0.5005
vn 0.3490 -0.2807 -0.8941
vn 0.9653 -0.0000 0.2611
vn 0.9653 -0.0000 -0.2611
vn -0.0000 -0.0000 1.0000
vn 0.6575 -0.0000 0.7534
vn -0.9653 -0.0000 0.2611
vn -0.6575 -0.0000 0.7534
vn -0.6575 -0.0000 -0.7534
vn -0.9653 -0.0000 -0.2611
vn 0.6575 -0.0000 -0.7534
vn -0.0000 -0.0000 -1.0000
vn 0.8275 0.2543 0.5005
vn -0.3490 0.2807 0.8941
vn -0.9705 0.2412 -0.0000
vn -0.3490 0.2807 -0.8941
vn 0.8275 0.2543 -0.5005
vn 0.2887 0.6079 0.7397
vn 0.8382 0.5454 -0.0000
vn -0.7048 0.5670 0.4263
vn -0.7048 0.5670 -0.4263
vn 0.2887 0.6079 -0.7397
vt 0.181819 0.000000
vt 0.227273 0.078731
vt 0.136365 0.078731
vt 0.272728 0.157461
vt 0.318182 0.078731
vt 0.363637 0.157461
vt 0.909091 0.000000
vt 0.954545 0.078731
vt 0.863636 0.078731
vt 0.727273 0.000000
vt 0.772727 0.078731
vt 0.681818 0.078731
vt 0.545455 0.000000
vt 0.590909 0.078731
vt 0.500000 0.078731
vt 0.318182 0.236191
vt 0.090910 0.157461
vt 0.181819 0.157461
vt 0.136365 0.236191
vt 0.818182 0.157461
vt 0.909091 0.157461
vt 0.863636 0.236191
vt 0.636364 0.157461
vt 0.727273 0.157461
vt 0.681818 0.236191
vt 0.454546 0.157461
vt 0.545455 0.157461
vt 0.500000 0.236191
vt 0.227273 0.236191
vt 0.045455 0.236191
vt 0.772727 0.236191
vt 0.590909 0.236191
vt 0.409092 0.236191
vt 0.181819 0.314921
vt 0.272728 0.314921
vt 0.227273 0.393651
vt 0.000000 0.314921
vt 0.090910 0.314921
vt 0.045455 0.393651
vt 0.727273 0.314921
vt 0.818182 0.314921
vt 0.772727 0.393651
vt 0.545455 0.314921
vt 0.636364 0.314921
vt 0.590909 0.393651
vt 0.363637 0.314921
vt 0.454546 0.314921
vt 0.409092 0.393651
vt 0.500000 0.393651
vt 0.454546 0.472382
vt 0.681818 0.393651
vt 0.636364 0.472382
vt 0.863636 0.393651
vt 0.818182 0.472382
vt 0.909091 0.314921
vt 0.136365 0.393651
vt 0.090910 0.472382
vt 0.318182 0.393651
vt 0.272728 0.472382
vt 0.954545 0.236191
vt 1.000000 0.157461
vt 0.409092 0.078731
vt 0.363637 0.000000
s 1
f 1713/1915/1713 1726/1916/1726 1725/1917/1725
f 1714/1918/1714 1726/1919/1726 1728/1920/1728
f 1713/1921/1713 1725/1922/1725 1730/1923/1730
f 1713/1924/1713 1730/1925/1730 1732/1926/1732
f 1713/1927/1713 1732/1928/1732 1729/1929/1729
f 1714/1918/1714 1728/1920/1728 1735/1930/1735
f 1715/1931/1715 1727/1932/1727 1737/1933/1737
f 1716/1934/1716 1731/1935/1731 1739/1936/1739
f 1717/1937/1717 1733/1938/1733 1741/1939/1741
f 1718/1940/1718 1734/1941/1734 1743/1942/1743
f 1714/1918/1714 1735/1930/1735 1738/1943/1738
f 1715/1931/1715 1737/1933/1737 1740/1944/1740
f 1716/1934/1716 1739/1936/1739 1742/1945/1742
f 1717/1937/1717 1741/1939/1741 1744/1946/1744
f 1718/1940/1718 1743/1942/1743 1736/1947/1736
f 1719/1948/1719 1745/1949/1745 1750/1950/1750
f 1720/1951/1720 1746/1952/1746 1752/1953/1752
f 1721/1954/1721 1747/1955/1747 1753/1956/1753
f 1722/1957/1722 1748/1958/1748 1754/1959/1754
f 1723/1960/1723 1749/1961/1749 1751/1962/1751
f 1751/1962/1751 1754/1963/1754 1724/1964/1724
f 1751/1962/1751 1749/1961/1749 1754/1963/1754
f 1749/1961/1749 1722/1957/1722 1754/1963/1754
f 1754/1959/1754 1753/1965/1753 1724/1966/1724
f 1754/1959/1754 1748/1958/1748 1753/1965/1753
f 1748/1958/1748 1721/1954/1721 1753/1965/1753
f 1753/1956/1753 1752/1967/1752 1724/1968/1724
f 1753/1956/1753 1747/1955/1747 1752/1967/1752
f 1747/1955/1747 1720/1969/1720 1752/1967/1752
f 1752/1953/1752 1750/1970/1750 1724/1971/1724
f 1752/1953/1752 1746/1952/1746 1750/1970/1750
f 1746/1952/1746 1719/1948/1719 1750/1970/1750
f 1750/1950/1750 1751/1972/1751 1724/1973/1724
f 1750/1950/1750 1745/1949/1745 1751/1972/1751
f 1745/1949/1745 1723/1960/1723 1751/1972/1751
f 1736/1947/1736 1749/1961/1749 1723/1960/1723
f 1736/1947/1736 1743/1942/1743 1749/1961/1749
f 1743/1942/1743 1722/1957/1722 1749/1961/1749
f 1744/1946/1744 1748/1958/1748 1722/1957/1722
f 1744/1946/1744 1741/1939/1741 1748/1958/1748
f 1741/1939/1741 1721/1954/1721 1748/1958/1748
f 1742/1945/1742 1747/1955/1747 1721/1954/1721
f 1742/1945/1742 1739/1936/1739 1747/1955/1747
f 1739/1936/1739 1720/1969/1720 1747/1955/1747
f 1740/1944/1740 1746/1952/1746 1720/1951/1720
f 1740/1944/1740 1737/1933/1737 1746/1952/1746
f 1737/1933/1737 1719/1948/1719 1746/1952/1746
f 1738/1943/1738 1745/1949/1745 1719/1948/1719
f 1738/1943/1738 1735/1930/1735 1745/1949/1745
f 1735/1930/1735 1723/1960/1723 1745/1949/1745
f 1743/1942/1743 1744/1946/1744 1722/1957/1722
f 1743/1942/1743 1734/1941/1734 1744/1946/1744
f 1734/1941/1734 1717/1937/1717 1744/1946/1744
f 1741/1939/1741 1742/1945/1742 1721/1954/1721
f 1741/1939/1741 1733/1938/1733 1742/1945/1742
f 1733/1938/1733 1716/1934/1716 1742/1945/1742
f 1739/1936/1739 1740/1974/1740 1720/1969/1720
f 1739/1936/1739 1731/1935/1731 1740/1974/1740
f 1731/1935/1731 1715/1975/1715 1740/1974/1740
f 1737/1933/1737 1738/1943/1738 1719/1948/1719
f 1737/1933/1737 1727/1932/1727 1738/1943/1738
f 1727/1932/1727 1714/1918/1714 1738/1943/1738
f 1735/1930/1735 1736/1947/1736 1723/1960/1723
f 1735/1930/1735 1728/1920/1728 1736/1947/1736
f 1728/1920/1728 1718/1940/1718 1736/1947/1736
f 1729/1929/1729 1734/1941/1734 1718/1940/1718
f 1729/1929/1729 1732/1928/1732 1734/1941/1734
f 1732/1928/1732 1717/1937/1717 1734/1941/1734
f 1732/1926/1732 1733/1938/1733 1717/1937/1717
f 1732/1926/1732 1730/1925/1730 1733/1938/1733
f 1730/1925/1730 1716/1934/1716 1733/1938/1733
f 1730/1923/1730 1731/1935/1731 1716/1934/1716
f 1730/1923/1730 1725/1922/1725 1731/1935/1731
f 1725/1922/1725 1715/1975/1715 1731/1935/1731
f 1728/1920/1728 1729/1976/1729 1718/1940/1718
f 1728/1920/1728 1726/1919/1726 1729/1976/1729
f 1726/1919/1726 1713/1977/1713 1729/1976/1729
f 1725/1917/1725 1727/1932/1727 1715/1931/1715
f 1725/1917/1725 1726/1916/1726 1727/1932/1727
f 1726/1916/1726 1714/1918/1714 1727/1932/1727
o 立方体.002
v 0.541906 0.581712 -0.541906
v 0.541906 0.581712 0.541906
v -0.541906 0.581712 -0.541906
v -0.541906 0.581712 0.541906
v 0.660657 0.039805 -0.660657
v 0.620952 0.361318 -0.620951
v 0.620951 0.660757 -0.321513
v 0.660657 0.700463 0.000000
v 0.620952 0.660757 0.321513
v 0.620951 0.361318 0.620952
v 0.660657 0.039805 0.660657
v 0.321513 0.660757 0.620951
v -0.000000 0.700463 0.660657
v -0.321513 0.660757 0.620952
v -0.620952 0.361318 0.620951
v -0.660657 0.039805 0.660657
v -0.620951 0.660757 0.321513
v -0.660657 0.700463 -0.000000
v -0.620952 0.660757 -0.321513
v -0.620951 0.361318 -0.620952
v -0.660657 0.039805 -0.660657
v -0.321513 0.660757 -0.620951
v 0.000000 0.700463 -0.660657
v 0.321513 0.660757 -0.620952
v 0.847356 0.039805 -0.361062
v 0.790088 0.382460 -0.342655
v 0.909867 0.039805 0.000000
v 0.847356 0.400867 0.000000
v 0.847355 0.039805 0.361062
v 0.790088 0.382460 0.342655
v 0.361062 0.039805 0.847356
v 0.342655 0.382460 0.790088
v -0.000000 0.039805 0.909867
v -0.000000 0.400867 0.847355
v -0.361062 0.039805 0.847355
v -0.342655 0.382460 0.790088
v -0.847356 0.039805 0.361062
v -0.790088 0.382460 0.342655
v -0.909867 0.039805 -0.000000
v -0.847355 0.400867 -0.000000
v -0.847355 0.039805 -0.361062
v -0.790088 0.382460 -0.342655
v -0.361062 0.039805 -0.847356
v -0.342655 0.382460 -0.790088
v 0.000000 0.039805 -0.909867
v 0.000000 0.400867 -0.847355
v 0.361062 0.039805 -0.847355
v 0.342655 0.382460 -0.790088
v -0.342655 0.829894 0.342655
v -0.000000 0.887161 0.361062
v 0.342655 0.829894 0.342655
v -0.361062 0.887161 -0.000000
v 0.000000 0.949673 -0.000000
v 0.361062 0.887161 0.000000
v -0.342655 0.829894 -0.342655
v 0.000000 0.887161 -0.361062
v 0.342655 0.829894 -0.342655
v -0.888871 0.039805 0.660657
v -0.888871 0.039805 -0.660657
v -1.075570 0.039805 0.361062
v -1.138081 0.039805 -0.000000
v -1.075570 0.039805 -0.361062
v -1.136461 0.039805 0.660657
v -1.136461 0.039805 -0.660657
v -1.323159 0.039805 0.361062
v -1.385671 0.039805 -0.000000
v -1.323159 0.039805 -0.361062
vn 0.9206 0.1718 -0.3507
vn 0.8797 0.3362 -0.3362
vn 0.9345 0.3560 -0.0000
vn 0.9851 0.1722 -0.0000
vn 0.8797 0.3362 0.3362
vn 0.9206 0.1718 0.3507
vn 0.6966 0.1721 -0.6966
vn 0.6709 0.3157 -0.6709
vn 0.5774 0.5774 -0.5774
vn 0.6709 0.6709 -0.3157
vn 0.7071 0.7071 -0.0000
vn 0.6709 0.6709 0.3157
vn 0.5774 0.5774 0.5774
vn 0.6709 0.3157 0.6709
vn 0.6966 0.1721 0.6966
vn 0.3507 0.1718 0.9206
vn 0.3362 0.3362 0.8797
vn -0.0000 0.3560 0.9345
vn -0.0000 0.1722 0.9851
vn -0.3362 0.3362 0.8797
vn -0.3507 0.1718 0.9206
vn 0.3157 0.6709 0.6709
vn -0.0000 0.7071 0.7071
vn -0.3157 0.6709 0.6709
vn -0.5774 0.5774 0.5774
vn -0.6709 0.3157 0.6709
vn -0.6966 0.1721 0.6966
vn -0.9206 0.1718 0.3507
vn -0.8797 0.3362 0.3362
vn -0.9345 0.3560 -0.0000
vn -0.9851 0.1722 -0.0000
vn -0.8797 0.3362 -0.3362
vn -0.9206 0.1718 -0.3507
vn -0.6709 0.6709 0.3157
vn -0.7071 0.7071 -0.0000
vn -0.6709 0.6709 -0.3157
vn -0.5774 0.5774 -0.5774
vn -0.6709 0.3157 -0.6709
vn -0.6966 0.1721 -0.6966
vn -0.3507 0.1718 -0.9206
vn -0.3362 0.3362 -0.8797
vn -0.0000 0.3560 -0.9345
vn -0.0000 0.1722 -0.9851
vn 0.3362 0.3362 -0.8797
vn 0.3507 0.1718 -0.9206
vn -0.3157 0.6709 -0.6709
vn -0.0000 0.7071 -0.7071
vn 0.3157 0.6709 -0.6709
vn -0.3362 0.8797 0.3362
vn -0.0000 0.9345 0.3560
vn -0.0000 1.0000 -0.0000
vn -0.3560 0.9345 -0.0000
vn 0.3362 0.8797 0.3362
vn 0.3560 0.9345 -0.0000
vn -0.0000 0.9345 -0.3560
vn -0.3362 0.8797 -0.3362
vn 0.3362 0.8797 -0.3362
vt 0.500000 0.062500
vt 0.562500 0.062500
vt 0.562500 0.125000
vt 0.500000 0.125000
vt 0.562500 0.187500
vt 0.500000 0.187500
vt 0.500000 0.000000
vt 0.562500 0.000000
vt 0.625000 0.000000
vt 0.625000 0.062500
vt 0.625000 0.125000
vt 0.625000 0.187500
vt 0.625000 0.250000
vt 0.562500 0.250000
vt 0.500000 0.250000
vt 0.500000 0.312500
vt 0.562500 0.312500
vt 0.562500 0.375000
vt 0.500000 0.375000
vt 0.562500 0.437500
vt 0.500000 0.437500
vt 0.625000 0.312500
vt 0.625000 0.375000
vt 0.625000 0.437500
vt 0.625000 0.500000
vt 0.562500 0.500000
vt 0.500000 0.500000
vt 0.500000 0.562500
vt 0.562500 0.562500
vt 0.562500 0.625000
vt 0.500000 0.625000
vt 0.562500 0.687500
vt 0.500000 0.687500
vt 0.625000 0.562500
vt 0.625000 0.625000
vt 0.625000 0.687500
vt 0.625000 0.750000
vt 0.562500 0.750000
vt 0.500000 0.750000
vt 0.500000 0.812500
vt 0.562500 0.812500
vt 0.562500 0.875000
vt 0.500000 0.875000
vt 0.562500 0.937500
vt 0.500000 0.937500
vt 0.625000 0.812500
vt 0.625000 0.875000
vt 0.625000 0.937500
vt 0.625000 1.000000
vt 0.562500 1.000000
vt 0.500000 1.000000
vt 0.687500 0.562500
vt 0.750000 0.562500
vt 0.750000 0.625000
vt 0.687500 0.625000
vt 0.812500 0.562500
vt 0.812500 0.625000
vt 0.750000 0.687500
vt 0.687500 0.687500
vt 0.812500 0.687500
vt 0.687500 0.500000
vt 0.750000 0.500000
vt 0.812500 0.500000
vt 0.875000 0.500000
vt 0.875000 0.562500
vt 0.875000 0.625000
vt 0.875000 0.687500
vt 0.875000 0.750000
vt 0.812500 0.750000
vt 0.750000 0.750000
vt 0.687500 0.750000
s 1
usemtl マテリアル.004
f 1779/1978/1755 1780/1979/1756 1782/1980/1757 1781/1981/1758
f 1781/1981/1758 1782/1980/1757 1784/1982/1759 1783/1983/1760
f 1759/1984/1761 1760/1985/1762 1780/1979/1756 1779/1978/1755
f 1760/1985/1762 1755/1986/1763 1761/1987/1764 1780/1979/1756
f 1780/1979/1756 1761/1987/1764 1762/1988/1765 1782/1980/1757
f 1782/1980/1757 1762/1988/1765 1763/1989/1766 1784/1982/1759
f 1784/1982/1759 1763/1989/1766 1756/1990/1767 1764/1991/1768
f 1783/1983/1760 1784/1982/1759 1764/1991/1768 1765/1992/1769
f 1785/1993/1770 1786/1994/1771 1788/1995/1772 1787/1996/1773
f 1787/1996/1773 1788/1995/1772 1790/1997/1774 1789/1998/1775
f 1765/1992/1769 1764/1991/1768 1786/1994/1771 1785/1993/1770
f 1764/1991/1768 1756/1990/1767 1766/1999/1776 1786/1994/1771
f 1786/1994/1771 1766/1999/1776 1767/2000/1777 1788/1995/1772
f 1788/1995/1772 1767/2000/1777 1768/2001/1778 1790/1997/1774
f 1790/1997/1774 1768/2001/1778 1758/2002/1779 1769/2003/1780
f 1789/1998/1775 1790/1997/1774 1769/2003/1780 1770/2004/1781
f 1791/2005/1782 1792/2006/1783 1794/2007/1784 1793/2008/1785
f 1793/2008/1785 1794/2007/1784 1796/2009/1786 1795/2010/1787
f 1770/2004/1781 1769/2003/1780 1792/2006/1783 1791/2005/1782
f 1769/2003/1780 1758/2002/1779 1771/2011/1788 1792/2006/1783
f 1792/2006/1783 1771/2011/1788 1772/2012/1789 1794/2007/1784
f 1794/2007/1784 1772/2012/1789 1773/2013/1790 1796/2009/1786
f 1796/2009/1786 1773/2013/1790 1757/2014/1791 1774/2015/1792
f 1795/2010/1787 1796/2009/1786 1774/2015/1792 1775/2016/1793
f 1797/2017/1794 1798/2018/1795 1800/2019/1796 1799/2020/1797
f 1799/2020/1797 1800/2019/1796 1802/2021/1798 1801/2022/1799
f 1775/2016/1793 1774/2015/1792 1798/2018/1795 1797/2017/1794
f 1774/2015/1792 1757/2014/1791 1776/2023/1800 1798/2018/1795
f 1798/2018/1795 1776/2023/1800 1777/2024/1801 1800/2019/1796
f 1800/2019/1796 1777/2024/1801 1778/2025/1802 1802/2021/1798
f 1802/2021/1798 1778/2025/1802 1755/2026/1763 1760/2027/1762
f 1801/2022/1799 1802/2021/1798 1760/2027/1762 1759/2028/1761
f 1803/2029/1803 1804/2030/1804 1807/2031/1805 1806/2032/1806
f 1804/2030/1804 1805/2033/1807 1808/2034/1808 1807/2031/1805
f 1806/2032/1806 1807/2031/1805 1810/2035/1809 1809/2036/1810
f 1807/2031/1805 1808/2034/1808 1811/2037/1811 1810/2035/1809
f 1758/2002/1779 1768/2038/1778 1803/2029/1803 1771/2011/1788
f 1768/2038/1778 1767/2039/1777 1804/2030/1804 1803/2029/1803
f 1767/2039/1777 1766/2040/1776 1805/2033/1807 1804/2030/1804
f 1766/2040/1776 1756/2041/1767 1763/2042/1766 1805/2033/1807
f 1805/2033/1807 1763/2042/1766 1762/2043/1765 1808/2034/1808
f 1808/2034/1808 1762/2043/1765 1761/2044/1764 1811/2037/1811
f 1811/2037/1811 1761/2044/1764 1755/2045/1763 1778/2046/1802
f 1810/2035/1809 1811/2037/1811 1778/2046/1802 1777/2047/1801
f 1809/2036/1810 1810/2035/1809 1777/2047/1801 1776/2048/1800
f 1773/2013/1790 1809/2036/1810 1776/2048/1800 1757/2014/1791
f 1772/2012/1789 1806/2032/1806 1809/2036/1810 1773/2013/1790
f 1771/2011/1788 1803/2029/1803 1806/2032/1806 1772/2012/1789
f 1791/2005/1805 1793/2008/1805 1815/2008/1805 1814/2005/1805
f 1793/2008/1805 1795/2010/1805 1816/2010/1805 1815/2008/1805
f 1795/2010/1805 1775/2016/1805 1813/2016/1805 1816/2010/1805
f 1770/2004/1805 1791/2005/1805 1814/2005/1805 1812/2004/1805
f 1812/2004/1805 1814/2005/1805 1819/2005/1805 1817/2004/1805
f 1814/2005/1805 1815/2008/1805 1820/2008/1805 1819/2005/1805
f 1816/2010/1805 1813/2016/1805 1818/2016/1805 1821/2010/1805
f 1815/2008/1805 1816/2010/1805 1821/2010/1805 1820/2008/1805
